platform,post_id,username,topic_category,sentiment_label,sentiment_score,viral_impact
YouTube,YO_100002,rvufaigf,Finance,Positive,0.62,2104.9000089615583
YouTube,YO_100004,ounaiayw,Technology,Neutral,-0.05,2749.8800535202026
YouTube,YO_100005,skrjxlgb,Sports,Negative,-0.35,1755.3900505900383
YouTube,YO_100010,elsocyrd,Finance,Negative,-0.77,1232.9999673366547
Reddit,RE_100012,yczezgcl,Sports,Neutral,0.14,4421.879866361618
Twitter,TW_100016,imbvkuya,Sports,Negative,-0.51,10984.000163674355
YouTube,YO_100019,jljniwvc,Climate,Neutral,0.19,4071.000073850155
Reddit,RE_100020,wefuiwsh,Politics,Negative,-0.53,8732.159804821014
YouTube,YO_100021,jlhfsity,Sports,Negative,-0.63,16847.180327892303
Twitter,TW_100022,cahmizgw,Politics,Neutral,0.06,1422.3600041866302
Reddit,RE_100023,ptyffree,Politics,Negative,-0.31,2767.4699203670025
Twitter,TW_100024,bupvxlmh,Politics,Positive,0.75,14305.080373764038
YouTube,YO_100025,zlvzmkic,Climate,Positive,0.63,1622.2500644624233
Reddit,RE_100026,tfoylsdz,Entertainment,Positive,0.66,1404.840025484562
Reddit,RE_100027,tdbuwiug,Entertainment,Positive,0.62,8663.760344266891
Twitter,TW_100028,krvzmanp,Sports,Positive,0.52,4581.310135126114
Twitter,TW_100030,xdlggaux,Politics,Positive,0.73,11817.55033147335
YouTube,YO_100033,qqmsqdba,Entertainment,Negative,-0.38,14120.799822807312
Reddit,RE_100035,oucwdjup,Entertainment,Neutral,-0.14,1675.7999556064606
Reddit,RE_100036,mxbcpbhq,Entertainment,Positive,1.0,1550.5599915981293
YouTube,YO_100041,lkcwtfub,Climate,Neutral,0.14,725.8500288426876
YouTube,YO_100042,wqdblhhb,Entertainment,Negative,-0.38,8089.160134553909
YouTube,YO_100043,cxisnegl,Climate,Negative,-0.65,7137.129823207855
Reddit,RE_100044,ipdjzskp,Politics,Neutral,0.04,2721.549900174141
Reddit,RE_100045,notnrwqp,Climate,Positive,1.0,5162.760205149651
Twitter,TW_100048,pangdlpg,Entertainment,Neutral,-0.16,13617.230369865894
Reddit,RE_100049,utiboveu,Sports,Negative,-0.76,2999.400044694543
Twitter,TW_100050,hulklyie,Sports,Negative,-0.45,2586.0
YouTube,YO_100052,jihyaenx,Finance,Negative,-0.47,2253.3000095933676
Reddit,RE_100056,zdjoimgg,Entertainment,Positive,0.52,3767.760149717331
Twitter,TW_100058,tfnnbdim,Health,Negative,-0.31,10332.630099534988
YouTube,YO_100060,jylnorwr,Sports,Neutral,0.06,7531.36981344223
Twitter,TW_100062,zzeqwmqt,Climate,Negative,-0.93,13921.62017941475
YouTube,YO_100064,zmyajlgi,Finance,Negative,-0.94,619.6799861490726
YouTube,YO_100066,lnlbmusk,Sports,Neutral,0.0,1942.7700149416924
Twitter,TW_100068,gblotudz,Entertainment,Positive,0.72,9246.15994989872
YouTube,YO_100070,etsomwiy,Climate,Positive,0.49,1589.800023689866
Twitter,TW_100072,nvbvbadq,Politics,Negative,-0.38,970.2000188827515
Twitter,TW_100073,xngqgjuc,Politics,Neutral,0.16,1082.809990555048
Twitter,TW_100077,ysmqldak,Technology,Negative,-0.66,6232.63986068964
YouTube,YO_100078,yfzetasy,Finance,Negative,-0.43,8445.77993607521
YouTube,YO_100079,oujxnqct,Health,Neutral,0.17,1440.3399921953678
YouTube,YO_100081,uqerktwl,Sports,Neutral,0.18,1640.0000244379044
Twitter,TW_100085,ishgwzrc,Entertainment,Positive,0.7,3087.0799067020416
Reddit,RE_100086,tswlmpww,Climate,Positive,0.74,10686.239906787872
Reddit,RE_100088,svzkdbjs,Entertainment,Positive,0.72,2311.859875202179
YouTube,YO_100089,jlugqgps,Sports,Positive,0.36,6029.240141391754
Reddit,RE_100090,zydwojrt,Entertainment,Positive,0.65,574.4899834692478
Reddit,RE_100094,hutgjzzu,Politics,Negative,-0.61,238.63999700546265
Reddit,RE_100097,dvjqqpgv,Climate,Positive,0.39,10212.159974098206
Twitter,TW_100098,aqghkobh,Sports,Positive,0.94,13894.919490337372
YouTube,YO_100100,oeabpami,Climate,Neutral,-0.12,1590.4500631988049
Twitter,TW_100103,ybejtoxc,Finance,Positive,0.86,1422.700021199882
Reddit,RE_100104,bacvqmcf,Entertainment,Positive,0.33,10256.639770746231
Twitter,TW_100106,vgxxbkki,Politics,Positive,0.6,7020.42993876338
Reddit,RE_100107,hdpsbxig,Technology,Negative,-0.6,8341.199739575386
Twitter,TW_100111,rrsrzgkk,Climate,Positive,0.93,5683.079791545868
Twitter,TW_100112,yxrffwkx,Health,Positive,0.82,1652.5199958086014
Reddit,RE_100113,dwecizib,Entertainment,Positive,0.4,1240.1200206279755
Reddit,RE_100116,mpuvzjke,Finance,Neutral,-0.15,1953.7200486660004
Reddit,RE_100117,jrldwxad,Sports,Negative,-0.43,548.1000217795372
YouTube,YO_100118,cxmolpup,Finance,Positive,0.39,643.2500049471855
YouTube,YO_100119,aynmmeti,Climate,Negative,-0.53,6078.440110266209
YouTube,YO_100120,uzqxorli,Climate,Positive,0.58,12974.940515577793
YouTube,YO_100121,vtkgfdwf,Entertainment,Negative,-0.97,8875.240161001682
YouTube,YO_100123,nsidjmor,Technology,Neutral,0.19,12.539999719709158
YouTube,YO_100125,hereenjl,Climate,Neutral,0.11,2292.000091075897
YouTube,YO_100127,sanunnmh,Climate,Negative,-0.34,11105.639915943146
YouTube,YO_100128,cbuoofgk,Sports,Neutral,0.09,9.650000143796206
Reddit,RE_100130,crobtzoq,Politics,Positive,0.41,6848.640272140503
Reddit,RE_100133,tmjfmbjb,Climate,Positive,0.7,486.71998912096024
YouTube,YO_100141,outyllpa,Finance,Neutral,0.08,7232.639838337898
YouTube,YO_100142,xgyrxmft,Health,Positive,0.69,1399.9199687093496
Reddit,RE_100143,mzxhfobu,Politics,Negative,-0.31,4008.89993172884
YouTube,YO_100145,krbvmqli,Health,Neutral,-0.08,227.14999613165855
Reddit,RE_100146,jhqdeviq,Entertainment,Neutral,-0.02,2803.410111397505
YouTube,YO_100148,odyopltw,Technology,Negative,-0.67,7780.519957840443
Reddit,RE_100151,vvdtgult,Finance,Positive,0.68,14873.279667556286
Reddit,RE_100153,tajsgbso,Health,Negative,-0.45,13966.680402517319
YouTube,YO_100156,oottorsl,Climate,Neutral,0.06,2280.519987642765
YouTube,YO_100157,jlyaahad,Politics,Neutral,0.02,5063.520021557808
YouTube,YO_100161,gqdvhiuh,Finance,Positive,0.83,9847.750213444233
Twitter,TW_100162,rakhwrwa,Health,Negative,-0.51,5478.079704284668
Reddit,RE_100163,gznvqwxv,Entertainment,Neutral,-0.06,9396.560245513916
YouTube,YO_100164,rfdrxxlx,Climate,Negative,-0.86,3258.3598982691765
YouTube,YO_100167,elwuhehx,Entertainment,Negative,-0.97,3239.5000702142715
Twitter,TW_100168,csqcsszp,Technology,Negative,-0.36,9445.380157113075
Twitter,TW_100170,zehrsooz,Technology,Neutral,-0.18,10430.279674351215
Reddit,RE_100175,cttatqff,Technology,Neutral,-0.07,2412.1800958514214
Twitter,TW_100176,obaxbjck,Politics,Neutral,0.05,9964.169874966145
Twitter,TW_100177,exiwimbc,Climate,Positive,0.9,1711.3399850726128
Twitter,TW_100178,fslzoise,Entertainment,Positive,0.68,10937.920046567917
Twitter,TW_100181,llvkflam,Finance,Negative,-0.51,6853.67991399765
Twitter,TW_100184,glqftiqt,Technology,Positive,0.89,11865.320124804974
Twitter,TW_100186,gaqbpxfp,Finance,Positive,0.67,12983.59977889061
YouTube,YO_100187,kzgvebzf,Politics,Negative,-0.95,9043.839797854424
Twitter,TW_100188,gsxonyml,Entertainment,Positive,0.76,8529.840338945389
YouTube,YO_100189,ebjesxqj,Politics,Positive,0.89,6327.0
Twitter,TW_100194,ktxfcfgk,Sports,Neutral,0.09,13282.260102152824
Reddit,RE_100196,kbztnlkv,Politics,Neutral,0.18,4796.640190601349
YouTube,YO_100197,ewqsaqkr,Health,Positive,0.98,1507.9199662953615
Reddit,RE_100198,oudioqtt,Entertainment,Neutral,0.06,825.000012293458
YouTube,YO_100199,uyvybxlc,Sports,Neutral,-0.02,4217.760023117065
YouTube,YO_100201,edzoljfs,Entertainment,Negative,-0.88,16087.12029182911
Reddit,RE_100202,icmbrdaq,Politics,Neutral,0.09,1406.679992377758
Reddit,RE_100204,ckxkostd,Climate,Neutral,0.18,4848.550094366074
Twitter,TW_100205,dhzbtpow,Sports,Negative,-0.37,510.23998859524727
Reddit,RE_100208,cutbcunb,Politics,Positive,0.39,664.0199792683125
Reddit,RE_100209,cpafehxn,Entertainment,Neutral,0.0,12939.040322303772
Twitter,TW_100210,sobidhpi,Finance,Positive,0.63,5814.839985251427
YouTube,YO_100211,txejffvk,Entertainment,Positive,0.4,14491.679818153381
Reddit,RE_100213,aowhsmds,Entertainment,Negative,-0.4,8483.519810378551
Reddit,RE_100214,vptqjlzk,Politics,Positive,0.32,306.12999834120274
Twitter,TW_100218,qbsubxih,Entertainment,Positive,0.32,1430.549992248416
YouTube,YO_100221,tlabqqud,Climate,Neutral,0.09,3671.4098890423775
Twitter,TW_100224,sstgcbig,Technology,Positive,0.91,108.50000083446503
Twitter,TW_100226,lzybjsmm,Health,Positive,0.46,3087.8400131464005
Twitter,TW_100227,kpyvdcvr,Climate,Negative,-0.38,1364.199982881546
Twitter,TW_100228,gukafkkq,Health,Neutral,-0.04,3657.960145354271
YouTube,YO_100230,roggcncr,Sports,Positive,0.66,7022.160279035568
YouTube,YO_100233,xkmmyjsa,Technology,Neutral,0.02,2447.6600257456303
Twitter,TW_100235,uoxwwpcb,Climate,Positive,0.64,799.0799821391702
YouTube,YO_100236,idwlktgv,Climate,Neutral,-0.14,8975.340356647968
Reddit,RE_100237,usnbikul,Finance,Neutral,-0.19,6812.800101518631
Twitter,TW_100239,zcbjqjbq,Sports,Neutral,-0.08,5492.5598340034485
Reddit,RE_100241,laeoxdwc,Technology,Positive,0.98,2897.389916628599
YouTube,YO_100244,ieanjczo,Finance,Negative,-0.97,8140.450190901756
Twitter,TW_100245,ftpmtkcb,Technology,Negative,-0.34,4212.450091302395
Twitter,TW_100247,szwfnuwy,Finance,Neutral,0.08,4847.940087944269
Twitter,TW_100249,zamspazq,Health,Neutral,-0.11,4317.320045411587
YouTube,YO_100250,zsngolyq,Finance,Neutral,0.14,1994.0
YouTube,YO_100252,zxjxsubu,Technology,Negative,-0.56,15576.250436902046
Reddit,RE_100253,lifcpbuf,Sports,Negative,-0.57,2039.6600086838007
Twitter,TW_100256,avxarjuc,Technology,Neutral,-0.1,4941.199973225594
Reddit,RE_100257,whdgqhdn,Entertainment,Negative,-0.83,828.7499696016312
YouTube,YO_100258,fxlgflje,Entertainment,Neutral,0.03,3349.9500607699156
Reddit,RE_100260,mntdkftm,Sports,Negative,-0.72,2585.0999192893505
YouTube,YO_100261,lttrhpoa,Health,Negative,-0.42,19518.660379886627
Twitter,TW_100263,pnrhadbk,Entertainment,Negative,-0.53,5474.619842469692
Reddit,RE_100265,twkacxit,Health,Positive,0.75,11761.25989741087
Twitter,TW_100266,esxnlbqn,Politics,Neutral,-0.14,1482.4200114011765
Twitter,TW_100267,sbnviqqy,Technology,Positive,0.97,4238.400063157082
Reddit,RE_100271,czkelntt,Entertainment,Neutral,-0.09,1475.550058633089
YouTube,YO_100273,qrsqglrg,Climate,Negative,-0.83,6775.599751472473
YouTube,YO_100274,couvgfts,Sports,Neutral,0.09,8899.149673581123
YouTube,YO_100279,qjstjqow,Technology,Positive,0.86,8249.520106315613
Twitter,TW_100280,uydrpcaw,Sports,Neutral,-0.03,14781.0
YouTube,YO_100281,bvdswyft,Sports,Negative,-0.85,2034.2399253845215
YouTube,YO_100282,wsledshd,Finance,Neutral,-0.15,14901.77040475607
YouTube,YO_100286,wfdophsk,Finance,Neutral,-0.12,1165.9200049638748
Twitter,TW_100287,dcobqjih,Politics,Negative,-0.33,2233.2600887417793
YouTube,YO_100288,uruowkpg,Finance,Positive,0.42,1350.9599504470825
Twitter,TW_100295,cjysgxea,Politics,Negative,-0.64,13413.049831688404
Reddit,RE_100296,fjxdtdpx,Politics,Neutral,-0.05,13074.30034160614
Twitter,TW_100298,lsnhfsoe,Climate,Positive,0.71,7917.87004339695
Reddit,RE_100301,dtacjcav,Climate,Negative,-0.32,18862.07957839966
Twitter,TW_100302,qdvchnvd,Politics,Negative,-0.83,3571.6199551820755
Reddit,RE_100306,avktmdny,Health,Positive,0.32,69.11999845504761
YouTube,YO_100307,hcjytkbk,Technology,Neutral,-0.03,663.7000098899007
Reddit,RE_100309,pjpwhdmx,Entertainment,Neutral,0.11,2399.7999119758606
Twitter,TW_100310,ozcatiwu,Technology,Positive,0.45,3068.779911696911
Reddit,RE_100311,kwxdjvyj,Climate,Positive,0.98,978.5999833345413
YouTube,YO_100315,qqpatesu,Health,Negative,-1.0,15309.810045063496
Reddit,RE_100316,celepojv,Politics,Negative,-0.7,292.590011626482
YouTube,YO_100317,ocwyjumx,Politics,Positive,0.77,5806.890144646168
Twitter,TW_100321,andwcfif,Technology,Neutral,0.04,13553.25
Twitter,TW_100322,llphicjf,Entertainment,Neutral,0.18,6869.959940075874
Twitter,TW_100323,diaimuxo,Sports,Positive,0.35,637.7700027152896
Reddit,RE_100324,pgaauoam,Finance,Negative,-0.91,25.619999427348375
Twitter,TW_100325,mqxvycfv,Politics,Negative,-0.97,11240.910086452961
YouTube,YO_100327,mkmivtni,Climate,Positive,0.98,1661.789939045906
Reddit,RE_100329,lrqyfbag,Technology,Negative,-0.81,1325.6000197529793
YouTube,YO_100330,wrereilz,Entertainment,Positive,0.43,1916.7199759483337
Reddit,RE_100333,mrmdzqrh,Finance,Neutral,-0.08,9522.17018532753
Twitter,TW_100337,qfbdwngc,Climate,Negative,-0.5,9630.46018743515
Reddit,RE_100339,jwnjskbr,Entertainment,Negative,-0.68,1376.400054693222
Twitter,TW_100341,fmrftlnu,Finance,Positive,0.79,97.46999877691269
YouTube,YO_100342,lqwodncm,Sports,Negative,-0.61,6649.299886763096
Reddit,RE_100343,qakfxbfv,Entertainment,Positive,0.68,15519.839515447617
Twitter,TW_100344,lhwzabuv,Entertainment,Neutral,0.0,8652.699852645397
Twitter,TW_100347,mahjvchp,Politics,Neutral,0.18,5344.470088899136
Reddit,RE_100350,fewrgren,Health,Negative,-0.81,5771.840060710907
Reddit,RE_100353,jjnxqplk,Politics,Neutral,-0.02,4981.859817266464
YouTube,YO_100355,qtltstsp,Climate,Positive,0.82,6538.839964568615
Twitter,TW_100357,axyouava,Entertainment,Positive,0.37,10707.120425462723
YouTube,YO_100358,inhqnusi,Finance,Negative,-0.48,163.3800006955862
Twitter,TW_100359,wtabofek,Entertainment,Negative,-0.56,14600.879544138908
Twitter,TW_100360,zirdmics,Sports,Positive,0.97,483.98999094963074
Twitter,TW_100363,toxcpkvw,Politics,Neutral,-0.03,1894.2799454927444
Reddit,RE_100367,emzasfcl,Climate,Positive,0.67,11542.859912633896
YouTube,YO_100368,cfeodnqj,Technology,Negative,-0.55,5452.920052528381
Twitter,TW_100369,htgkusjv,Finance,Positive,0.66,5096.000021696091
YouTube,YO_100375,redpjjpa,Health,Negative,-0.82,10039.120289325714
Twitter,TW_100377,rfehewls,Climate,Positive,0.86,2258.36999219656
Twitter,TW_100378,pnjrzaxe,Politics,Positive,0.58,12761.449531912804
YouTube,YO_100380,zceltwca,Politics,Neutral,-0.07,63.59999857842922
YouTube,YO_100382,kaygqwvl,Technology,Negative,-0.49,11622.359959840775
YouTube,YO_100383,kakdgpzi,Entertainment,Neutral,-0.09,8385.719738185406
Reddit,RE_100384,rgawzqoi,Health,Positive,0.62,2367.039947092533
YouTube,YO_100385,cfzoeeut,Health,Positive,0.56,15119.719625473022
Reddit,RE_100386,kavtrrcp,Politics,Negative,-0.69,2270.0
YouTube,YO_100387,owwejwey,Climate,Negative,-0.58,4731.5
YouTube,YO_100389,fcqbxmgg,Politics,Negative,-0.76,744.7599833533168
Reddit,RE_100390,eudpwgfw,Health,Neutral,-0.02,10499.700080752373
Reddit,RE_100392,fsezghtt,Sports,Neutral,0.1,3836.6399142444134
Twitter,TW_100393,opwcxufu,Sports,Positive,0.37,2776.3199379444122
Reddit,RE_100395,inmpksfg,Politics,Positive,0.84,4443.190073907375
Twitter,TW_100398,ifjfzgpy,Health,Negative,-0.69,1431.4300412535667
Reddit,RE_100399,nuwcxpzt,Health,Negative,-0.49,897.6600356698036
Reddit,RE_100401,awydyaww,Technology,Negative,-0.84,1122.1200445890427
YouTube,YO_100402,mnyajkzc,Entertainment,Negative,-0.31,788.239982381463
Twitter,TW_100403,stbuwrjk,Sports,Positive,0.42,4701.290127694607
Reddit,RE_100410,dhiqnnup,Entertainment,Neutral,-0.14,1399.2300059571862
YouTube,YO_100412,ovjnyjpp,Climate,Positive,0.71,15587.379864037037
YouTube,YO_100413,cxuswgvi,Finance,Neutral,-0.13,4828.880020558834
Twitter,TW_100414,ihxckqqt,Health,Negative,-0.48,3790.0799152851105
YouTube,YO_100415,wdijdkvt,Technology,Positive,0.37,213.75999522209167
YouTube,YO_100417,sqozmobq,Politics,Neutral,0.04,11926.199562549591
Twitter,TW_100419,icksrujm,Sports,Positive,0.89,1486.2600590586662
Reddit,RE_100422,wcrxosnt,Politics,Negative,-0.36,5308.219933390617
YouTube,YO_100425,veugasbt,Finance,Negative,-0.71,937.2600372433662
Twitter,TW_100427,kdhbefrl,Health,Negative,-0.75,281.81999370083213
Reddit,RE_100431,kmwdyiyp,Technology,Positive,0.75,535.680004119873
YouTube,YO_100432,xdknqeom,Entertainment,Negative,-0.88,2040.9200086891651
YouTube,YO_100433,xzxbdhkd,Technology,Positive,0.61,2667.56005191803
YouTube,YO_100434,gzihzrri,Finance,Negative,-0.88,4739.739940524101
Twitter,TW_100436,ucdsftcc,Finance,Neutral,0.05,6718.809637308121
Reddit,RE_100437,gwoedtew,Health,Positive,0.61,2338.0
YouTube,YO_100439,ywzmxldt,Health,Positive,0.78,48.94999890588224
Reddit,RE_100440,vwhepmlw,Climate,Negative,-0.98,3071.9699116051197
Twitter,TW_100442,vgoxiwjd,Finance,Neutral,0.08,3399.23987531662
Twitter,TW_100444,qoptchhs,Climate,Positive,0.56,2233.0000483989716
Reddit,RE_100445,oowbsdbb,Entertainment,Negative,-0.47,944.4799788892269
YouTube,YO_100451,lmeaxryw,Climate,Positive,0.35,6148.58997875452
Twitter,TW_100452,ojxsoiqk,Technology,Negative,-0.58,5833.440231800079
YouTube,YO_100453,poveudvf,Finance,Positive,0.54,0.0
Twitter,TW_100455,bldyrapi,Sports,Positive,0.32,9526.58018541336
YouTube,YO_100456,zjztcgcg,Politics,Negative,-0.57,618.7500134110451
Reddit,RE_100458,cdtyoljs,Politics,Negative,-0.69,6828.7999629974365
Reddit,RE_100459,cefroomz,Politics,Positive,0.93,3621.75
Reddit,RE_100461,arykpwtd,Finance,Positive,0.83,9774.000388383865
Reddit,RE_100462,vpxwmmtv,Sports,Negative,-0.44,10997.279916763306
YouTube,YO_100464,ndpgzvza,Entertainment,Negative,-0.66,10899.539863228798
YouTube,YO_100466,fqyctzhm,Entertainment,Negative,-0.88,625.4599966108799
Twitter,TW_100467,tjpjohwm,Technology,Positive,0.89,5360.930069088936
YouTube,YO_100472,vdxjhamt,Sports,Positive,0.86,1099.6799754202366
Reddit,RE_100474,jupwtlnr,Sports,Negative,-0.68,6651.519916534424
Twitter,TW_100475,lozfzeas,Sports,Positive,0.59,1624.4000124931335
YouTube,YO_100476,uugvlhyh,Technology,Neutral,0.01,4072.31987285614
YouTube,YO_100477,yruybklk,Sports,Negative,-0.79,3384.5698943287134
YouTube,YO_100479,cpqnvhbp,Climate,Positive,0.85,7901.600221633911
Twitter,TW_100482,skuqsuja,Entertainment,Positive,0.66,6453.329763293266
Twitter,TW_100483,mwyxpgip,Technology,Negative,-0.59,5127.570203751326
Twitter,TW_100484,nyuqhpbz,Politics,Negative,-0.37,5617.350146770477
Reddit,RE_100489,ecdnpccz,Climate,Neutral,0.19,723.240003079176
YouTube,YO_100491,osvmglpk,Sports,Positive,0.99,4737.5
YouTube,YO_100492,zgsggbbk,Technology,Neutral,-0.13,399.18999783694744
Reddit,RE_100494,fwvzhmld,Finance,Positive,0.71,4509.270179182291
Twitter,TW_100495,vtropune,Politics,Neutral,0.16,6170.660064905882
YouTube,YO_100497,cgxkzqxx,Finance,Negative,-0.85,18428.699953258038
Twitter,TW_100499,vlrvejea,Sports,Neutral,0.05,263.8899985700846
YouTube,YO_100501,npwgoing,Health,Neutral,-0.1,4708.899919807911
Reddit,RE_100502,uurwscet,Finance,Neutral,-0.19,5322.080068588257
YouTube,YO_100503,odrohntd,Finance,Neutral,-0.1,498.53998885676265
Reddit,RE_100507,ewsrmiuw,Entertainment,Neutral,0.07,13624.449726045132
Reddit,RE_100509,wsyxpnti,Climate,Positive,0.58,15638.350450694561
YouTube,YO_100511,ptkesypn,Finance,Positive,0.46,2115.3999639749527
Twitter,TW_100512,sdduabfz,Politics,Negative,-0.32,607.2400063872337
Twitter,TW_100518,vetarnpx,Climate,Negative,-0.81,1320.8799704760313
YouTube,YO_100520,tmqmjbes,Technology,Negative,-0.58,16957.540500164032
YouTube,YO_100521,ymfzxrce,Politics,Positive,0.54,5206.0
Reddit,RE_100525,tnuezdoz,Technology,Negative,-0.52,4085.519882440567
YouTube,YO_100529,etsyeykz,Health,Positive,0.54,6422.460082769394
Reddit,RE_100531,sjxvmvng,Technology,Negative,-0.42,4658.799941539764
YouTube,YO_100532,jgnotkxy,Technology,Neutral,-0.01,5990.5999675393105
Twitter,TW_100535,fynueovt,Politics,Neutral,0.17,20.880000829696655
Twitter,TW_100536,ksreejmg,Entertainment,Neutral,0.01,2620.3800111562014
Twitter,TW_100543,jfaeqrhn,Health,Neutral,0.03,9514.43965101242
Reddit,RE_100544,zjjuvtay,Sports,Positive,0.89,382.0799914598465
Reddit,RE_100545,azykjegm,Technology,Positive,0.89,2405.420040011406
Reddit,RE_100546,swabajxy,Entertainment,Positive,0.88,5607.729838639498
Reddit,RE_100547,dfutkflh,Health,Positive,0.33,11347.120282649994
YouTube,YO_100548,gmfcbwjn,Entertainment,Negative,-0.64,3670.7999539375305
Twitter,TW_100550,atggtovo,Climate,Positive,0.61,86.19999807327986
YouTube,YO_100555,jbxqehxr,Finance,Negative,-0.94,10104.270251691341
YouTube,YO_100556,alibaocd,Health,Negative,-0.5,10.559999763965607
Twitter,TW_100561,aarouhzg,Sports,Neutral,-0.18,9121.5
Twitter,TW_100563,ehzulwsm,Climate,Neutral,0.14,1838.8999444246292
YouTube,YO_100565,wnljvezy,Politics,Negative,-0.76,6705.5999636650085
Twitter,TW_100567,pkgbiqap,Health,Negative,-0.54,6615.839964151382
Reddit,RE_100568,hgrjgbnv,Technology,Negative,-0.95,11585.919741034508
Reddit,RE_100572,fiwpvuaf,Finance,Negative,-0.46,3473.1999564170837
Twitter,TW_100575,wqpveazo,Entertainment,Positive,0.6,7703.5498559474945
Reddit,RE_100576,hppyledy,Finance,Neutral,0.02,7968.120144546032
Reddit,RE_100577,maoybqfs,Finance,Positive,0.3,4411.4400424957275
Reddit,RE_100579,ywlvdbmv,Finance,Negative,-0.38,2242.0200608968735
YouTube,YO_100581,wdnkhobl,Climate,Negative,-0.47,1963.2000292539597
Twitter,TW_100584,cfsewzrr,Entertainment,Negative,-0.51,1091.3599863052368
YouTube,YO_100585,hrfhsfxd,Technology,Positive,0.77,1161.7200049459934
Reddit,RE_100586,bbzopqkl,Finance,Negative,-0.76,722.0
YouTube,YO_100590,unxsrolu,Entertainment,Neutral,0.16,14463.75
YouTube,YO_100592,rtywtbzy,Technology,Positive,0.48,877.7999725937843
Reddit,RE_100594,pyfyagzo,Sports,Negative,-0.39,1116.779965132475
YouTube,YO_100597,fouxszhl,Politics,Neutral,0.07,7642.749904096127
Twitter,TW_100603,emwflpfo,Entertainment,Negative,-0.88,2588.9500746130943
Reddit,RE_100606,mitdfzfr,Finance,Neutral,-0.1,19904.0
Twitter,TW_100607,jbkvqswg,Climate,Positive,0.87,90.35999798029661
Twitter,TW_100608,nhkosrki,Finance,Neutral,-0.13,1572.120062470436
Twitter,TW_100612,mhlliykf,Politics,Neutral,0.02,264.2499954998493
YouTube,YO_100613,dsffspse,Health,Negative,-0.92,1555.2600282132626
Twitter,TW_100615,sfovqwpy,Climate,Neutral,0.04,1122.5999749079347
Reddit,RE_100619,enujbeoy,Politics,Positive,1.0,679.2499750852585
YouTube,YO_100626,iexoacko,Technology,Negative,-0.87,1498.1399568915367
YouTube,YO_100632,ellgfvzf,Technology,Neutral,0.01,1719.269986987114
YouTube,YO_100633,uffpconz,Entertainment,Positive,0.3,684.4200271964073
YouTube,YO_100634,crguqmlk,Technology,Neutral,0.17,4747.5
Reddit,RE_100635,pjvdlino,Entertainment,Neutral,-0.05,262.54999577999115
Reddit,RE_100637,ahaprnka,Climate,Neutral,-0.05,371.19998931884766
YouTube,YO_100638,wuihvoqt,Politics,Positive,0.3,7208.430055439472
Reddit,RE_100645,eridrkvf,Finance,Negative,-0.86,917.2800039052963
Reddit,RE_100646,pbifkpox,Entertainment,Neutral,0.17,47.50000070780516
Twitter,TW_100649,twccgzmo,Sports,Neutral,0.01,8446.949776232243
YouTube,YO_100653,woktjaxh,Sports,Neutral,-0.13,12021.229806780815
Reddit,RE_100654,amfgmfdw,Health,Negative,-0.97,10224.109545528889
Twitter,TW_100656,yptxnfmq,Health,Negative,-0.46,12915.629740297794
YouTube,YO_100658,bmqcqdto,Entertainment,Positive,0.49,1676.0000249743462
Twitter,TW_100659,nqahncjb,Entertainment,Neutral,-0.03,55.10999876819551
Twitter,TW_100660,acgiuzal,Finance,Neutral,-0.01,1654.5600657463074
Reddit,RE_100662,phvumeqf,Finance,Positive,0.94,342.15999235212803
YouTube,YO_100664,lrzzcahw,Climate,Negative,-0.82,10575.570248007774
Reddit,RE_100666,ntocgkap,Finance,Negative,-0.92,11989.480154514313
Reddit,RE_100667,zkbapvph,Politics,Positive,0.96,7444.650057256222
Twitter,TW_100669,socnxqnp,Technology,Positive,0.49,4266.599843502045
Twitter,TW_100671,stezdtyl,Technology,Neutral,-0.17,8722.0
YouTube,YO_100672,jzccgjsu,Technology,Positive,0.98,916.7199795097113
Twitter,TW_100674,zdihfbsw,Sports,Positive,0.86,10494.680135250092
YouTube,YO_100675,uocdgwlh,Health,Negative,-0.94,3045.6398882865906
Twitter,TW_100677,cuaahyvg,Technology,Negative,-0.59,14178.839479923248
Reddit,RE_100679,dfptqjmu,Finance,Neutral,0.05,3300.840131163597
Twitter,TW_100682,vifdjbmj,Politics,Positive,0.51,5947.150128901005
Twitter,TW_100687,janvumpt,Politics,Neutral,-0.11,6796.680270075798
YouTube,YO_100688,gugvmwtd,Finance,Negative,-0.69,12006.479849338531
Twitter,TW_100689,jhvkoaec,Politics,Positive,0.34,4599.75
Reddit,RE_100692,vslqvleq,Sports,Negative,-0.61,8646.299770951271
Reddit,RE_100694,izcxfiis,Technology,Positive,0.41,14319.239474773407
Twitter,TW_100695,zfdzhhep,Technology,Negative,-0.43,2363.759947165847
Reddit,RE_100696,qoxizcdk,Technology,Positive,0.93,11162.200313091278
Reddit,RE_100697,vfaprwxi,Technology,Positive,0.79,4057.899930894375
Twitter,TW_100699,jqbisryh,Climate,Positive,0.71,12420.099788486958
Twitter,TW_100702,dhmcpjab,Entertainment,Neutral,-0.12,4198.800062566996
Twitter,TW_100703,mfllldfc,Technology,Neutral,0.03,763.7400303483009
Reddit,RE_100705,ggteglif,Entertainment,Positive,0.92,4175.709896564484
Twitter,TW_100709,eekwxqup,Technology,Negative,-0.38,4210.439845561981
Reddit,RE_100717,kvsgjtax,Finance,Positive,0.31,3536.0499397814274
YouTube,YO_100718,odwozgjy,Sports,Positive,0.91,1019.7900030016899
Reddit,RE_100721,dqtbutrw,Technology,Positive,0.76,3344.0
Twitter,TW_100723,kylimtqt,Finance,Neutral,-0.2,11416.799654960632
Twitter,TW_100724,mzbktteb,Sports,Positive,0.65,1234.429984509945
Reddit,RE_100725,lykdfzxx,Finance,Neutral,-0.0,8646.400036811829
Reddit,RE_100731,tbnajvxa,Sports,Negative,-0.75,5155.600076824427
YouTube,YO_100733,yrghqybh,Sports,Negative,-0.4,10228.960043549538
Twitter,TW_100736,sdycqnok,Sports,Neutral,0.03,3053.9999317377806
YouTube,YO_100742,yshlimpc,Politics,Neutral,-0.04,14021.710380852222
YouTube,YO_100744,dfpnxyhv,Health,Positive,0.78,1115.1199398040771
Twitter,TW_100746,kjdcixtr,Politics,Positive,0.34,9795.75
Twitter,TW_100747,vwhbbjgc,Health,Positive,0.57,0.0
Reddit,RE_100748,bqvgxnke,Health,Neutral,-0.1,747.0
YouTube,YO_100750,uzjnzdnp,Entertainment,Positive,0.42,8493.900154083967
Twitter,TW_100751,fntdpunk,Finance,Negative,-0.3,216.02999517135322
Reddit,RE_100752,fakvfzxc,Entertainment,Negative,-0.85,7923.659930884838
YouTube,YO_100754,zwoqblfn,Technology,Negative,-0.78,9709.889818429947
YouTube,YO_100756,wbpfupdo,Politics,Positive,0.94,9157.680166125298
YouTube,YO_100757,lttvrwci,Health,Positive,0.54,1996.799955368042
Twitter,TW_100758,iimbxcdf,Finance,Negative,-0.62,2797.5
YouTube,YO_100761,uwsksiqj,Technology,Negative,-0.67,1198.799973204732
Twitter,TW_100764,cwpiqhkh,Technology,Negative,-0.38,1745.0500489473343
Twitter,TW_100765,tqxqjtqm,Sports,Positive,0.57,0.0
Reddit,RE_100767,lnbnjbcs,Technology,Neutral,-0.0,693.9100125879049
Twitter,TW_100775,aumjmeva,Health,Neutral,-0.16,16334.09956729412
Reddit,RE_100780,fobimwwu,Technology,Neutral,-0.16,483.2100139260292
Twitter,TW_100782,ciikrzeb,Entertainment,Positive,0.54,0.0
YouTube,YO_100783,zaczsily,Entertainment,Negative,-0.58,3054.0799317359924
Reddit,RE_100785,sdwrddde,Politics,Neutral,-0.13,1834.5600728988647
Reddit,RE_100788,rfourcvq,Health,Negative,-0.36,10440.959766626358
Reddit,RE_100790,hmkpqwhh,Technology,Neutral,0.05,3134.880124568939
Twitter,TW_100791,ykcnihyy,Technology,Neutral,-0.07,4092.299891591072
YouTube,YO_100793,kzvtzdfe,Finance,Negative,-0.85,8080.6396408081055
YouTube,YO_100799,wjumziiz,Technology,Negative,-0.7,8149.279560089111
Twitter,TW_100803,hxdvuwfz,Finance,Positive,0.32,9015.300358235836
YouTube,YO_100806,lmvoazpe,Sports,Positive,0.95,12816.299781739712
YouTube,YO_100808,cxsibrog,Climate,Neutral,-0.04,5239.2801423072815
Reddit,RE_100813,xpwxfins,Finance,Neutral,-0.1,1188.1800472140312
Reddit,RE_100820,javxjtaa,Climate,Neutral,-0.03,6983.900151371956
Reddit,RE_100822,hozkqize,Finance,Positive,0.75,456.56999266147614
Reddit,RE_100824,hrxzrkyn,Technology,Negative,-0.85,7290.359944820404
Twitter,TW_100825,myxhewku,Politics,Positive,0.9,4797.400050461292
YouTube,YO_100826,bfezpfbm,Technology,Neutral,-0.01,12185.459907770157
Twitter,TW_100827,rqhirycf,Climate,Neutral,-0.18,4723.780036330223
Twitter,TW_100830,kaqbocvg,Climate,Positive,0.66,5504.260057896376
Twitter,TW_100831,xnbnwchd,Sports,Positive,0.97,3746.970101773739
YouTube,YO_100833,xyvxfecl,Climate,Positive,0.96,3008.409866273403
Reddit,RE_100834,aqjpqsjf,Health,Positive,0.55,72.95999908447266
Twitter,TW_100836,oeagreue,Climate,Negative,-0.83,13366.079509735107
Twitter,TW_100837,qlebjcsc,Politics,Neutral,0.04,14512.300394177437
Twitter,TW_100841,kfvtoeyu,Entertainment,Neutral,0.17,3025.960012882948
YouTube,YO_100849,kxegixco,Technology,Neutral,-0.11,8782.290084600449
Twitter,TW_100852,uhhqdale,Entertainment,Positive,0.73,3899.190070733428
YouTube,YO_100853,egojqdia,Climate,Neutral,0.12,18147.69017481804
Reddit,RE_100854,igdofapp,Health,Positive,0.53,5491.830128788948
YouTube,YO_100856,gxrfszjx,Entertainment,Negative,-0.52,5926.049782633781
Reddit,RE_100860,rxkylibp,Technology,Negative,-0.68,3557.13989764452
YouTube,YO_100862,ksdtsiny,Finance,Neutral,0.12,767.9099718332291
Reddit,RE_100863,ptjkcrpo,Entertainment,Neutral,0.09,7821.75
YouTube,YO_100865,xwivrqkx,Climate,Positive,0.81,522.8999883122742
Twitter,TW_100867,nfxzuncf,Technology,Negative,-0.53,5856.7597851753235
YouTube,YO_100868,fwpitoos,Sports,Negative,-0.47,2199.599919319153
Twitter,TW_100870,ikvlthzh,Health,Neutral,-0.08,2938.9501167833805
YouTube,YO_100871,qegudnkn,Technology,Neutral,0.16,10277.279623031616
YouTube,YO_100872,mtolseay,Politics,Neutral,-0.11,2363.760010063648
YouTube,YO_100873,kuboeyea,Climate,Neutral,0.17,523.1199883073568
Reddit,RE_100874,ldnmnnsj,Politics,Positive,0.32,8292.699695825577
YouTube,YO_100877,jbxnlsrv,Finance,Positive,0.83,10464.800155937672
Twitter,TW_100878,xrspenqh,Sports,Positive,0.55,15356.05975317955
Reddit,RE_100879,bjqicknl,Climate,Negative,-0.57,13880.999566614628
Reddit,RE_100881,cigkagek,Health,Negative,-0.63,1470.8100584447384
Reddit,RE_100882,tecwjixu,Entertainment,Neutral,0.12,943.7400375008583
Reddit,RE_100883,vvcuoocn,Sports,Negative,-0.72,7178.730194985867
Twitter,TW_100885,kygwijmd,Technology,Neutral,0.16,7108.7601182460785
Twitter,TW_100886,gfhzqiki,Climate,Negative,-0.67,4594.890135526657
Reddit,RE_100888,nfyjtale,Health,Neutral,-0.06,450.11999756097794
YouTube,YO_100889,xetjvgou,Finance,Positive,0.96,5194.430066943169
Twitter,TW_100890,zficfahb,Finance,Positive,0.39,6313.800177097321
YouTube,YO_100891,rxrfjqvo,Finance,Positive,0.79,5351.399858236313
YouTube,YO_100892,bqewuccm,Finance,Positive,0.87,6574.0499502420425
Reddit,RE_100893,cjlnaibo,Climate,Positive,0.66,10960.559597969055
YouTube,YO_100894,fizxclox,Finance,Positive,0.32,476.9000071063638
Reddit,RE_100895,rbkymbov,Climate,Neutral,-0.03,4328.140078514814
Twitter,TW_100898,ajguwmig,Technology,Neutral,-0.08,2429.7000700235367
Reddit,RE_100900,lwlbkfiy,Finance,Neutral,-0.02,3560.400064587593
Reddit,RE_100901,pszsfdci,Entertainment,Positive,0.51,15969.499860703945
YouTube,YO_100902,klnudkoh,Finance,Negative,-0.69,19151.99957191944
YouTube,YO_100903,bnyumqww,Technology,Neutral,0.18,5981.689903855324
Twitter,TW_100907,ozxyurom,Technology,Positive,0.94,2024.1900059580803
Reddit,RE_100912,hwzzxhvv,Finance,Positive,0.98,1251.040005326271
Twitter,TW_100915,eeibmwkz,Entertainment,Positive,0.63,19600.000381469727
YouTube,YO_100916,zgpueteh,Sports,Neutral,0.12,11301.959858179092
Reddit,RE_100920,yubcgzzi,Finance,Positive,0.39,5907.199821472168
Reddit,RE_100921,zkaudkvb,Technology,Negative,-0.84,23.499999940395355
YouTube,YO_100922,skxntpcc,Health,Neutral,-0.08,16315.30967193842
Twitter,TW_100924,qljhmfsu,Sports,Positive,0.77,19411.92018699646
Twitter,TW_100928,qfarsczo,Technology,Neutral,-0.14,1627.0000242441893
YouTube,YO_100932,xskouhzf,Finance,Positive,0.81,363.20000541210175
YouTube,YO_100933,ohbzkcrn,Entertainment,Negative,-0.97,3592.590027630329
Twitter,TW_100934,gqpxnayg,Politics,Neutral,0.14,7762.939932286739
Reddit,RE_100935,mygraank,Health,Positive,0.96,24.539999451488256
Reddit,RE_100940,kkvnpayr,Entertainment,Neutral,-0.05,1011.0099629163742
YouTube,YO_100942,rjobryxv,Finance,Neutral,0.01,522.5999808311462
Reddit,RE_100943,owafcskh,Entertainment,Positive,0.72,9348.11996769905
YouTube,YO_100946,ejcdsgkg,Politics,Neutral,0.01,1942.800077199936
Reddit,RE_100947,zufvzwij,Technology,Neutral,0.11,463.9799974858761
Reddit,RE_100952,htocsckd,Finance,Negative,-1.0,3488.400138616562
Twitter,TW_100955,rjwbtjki,Entertainment,Positive,0.56,3238.1799824535847
YouTube,YO_100958,sxaagpqz,Health,Positive,0.98,910.5799950659275
YouTube,YO_100959,zckytgpx,Health,Negative,-0.79,15067.620044350624
Twitter,TW_100963,mtuvilkx,Technology,Neutral,0.04,259.50001031160355
Reddit,RE_100964,lmmouiug,Entertainment,Neutral,-0.04,258.38999422453344
Twitter,TW_100966,tvpqvtex,Technology,Positive,0.81,209.19999532401562
YouTube,YO_100967,moxuxybf,Sports,Positive,0.62,354.89998891949654
YouTube,YO_100968,vksalvge,Politics,Negative,-0.38,4506.5
Twitter,TW_100971,nasmrurm,Health,Neutral,0.07,107.7599975913763
Reddit,RE_100972,zcyoarbc,Politics,Neutral,0.07,5359.409986406565
Reddit,RE_100973,qwkptliv,Sports,Neutral,0.07,2366.280010074377
Twitter,TW_100974,wuukoupj,Sports,Positive,0.62,8686.5
Reddit,RE_100978,cllmnvid,Sports,Negative,-0.36,7752.679715633392
Twitter,TW_100979,sprfzxrz,Politics,Negative,-0.36,7239.759909152985
Reddit,RE_100980,xbjokssg,Politics,Positive,0.6,7193.160039424896
Twitter,TW_100981,bkqhlwkw,Entertainment,Positive,0.45,9019.360038399696
YouTube,YO_100983,wibcfrvo,Technology,Positive,1.0,516.059998691082
Twitter,TW_100984,ntzsdnxl,Sports,Neutral,-0.13,158.79000395536423
Reddit,RE_100986,zuxzqhcm,Sports,Negative,-0.71,6941.939625263214
Reddit,RE_100989,nlzyjlqm,Finance,Negative,-0.55,10815.279826164246
Twitter,TW_100990,oqyrdwxd,Politics,Neutral,0.14,754.5400058031082
Reddit,RE_100995,qxumavag,Sports,Positive,0.9,3302.990042567253
Twitter,TW_100996,dbjtdafm,Climate,Negative,-0.51,10944.759862661362
YouTube,YO_100999,netloxom,Sports,Neutral,0.19,383.6399986743927
YouTube,YO_101000,mcbfliel,Sports,Neutral,-0.16,12603.75
YouTube,YO_101001,dhxwwbne,Entertainment,Neutral,-0.03,2235.780088841915
Twitter,TW_101004,varemoso,Finance,Neutral,-0.12,4186.710166364908
Twitter,TW_101005,ztzywqlh,Health,Negative,-0.99,4042.11010068655
YouTube,YO_101008,bygjqzzw,Finance,Negative,-0.92,9499.199787676334
Reddit,RE_101011,sowyekbm,Health,Negative,-0.53,5037.840200185776
Reddit,RE_101012,iddezkzf,Health,Negative,-0.36,10749.249865114689
Reddit,RE_101015,xnnjqzdq,Health,Positive,0.46,11570.049854815006
YouTube,YO_101019,ojuhjuqf,Finance,Negative,-0.36,447.45001778006554
YouTube,YO_101020,eshngfzl,Technology,Neutral,0.08,4260.010070860386
YouTube,YO_101021,qhmlbvrp,Climate,Neutral,0.01,119.83999732136726
YouTube,YO_101022,otwtuyin,Entertainment,Negative,-0.45,1266.759993135929
Reddit,RE_101023,qnktbgno,Technology,Negative,-0.58,2622.240104198456
Twitter,TW_101026,azwbwvwc,Entertainment,Neutral,-0.12,1811.0900424718857
Twitter,TW_101028,oyugryvm,Entertainment,Positive,0.5,5682.14984947443
Reddit,RE_101032,rqxjrmdz,Climate,Neutral,-0.04,5177.03997194767
Reddit,RE_101033,cyzmnqdz,Climate,Neutral,-0.06,10282.140030264854
Reddit,RE_101036,ssacdwhg,Health,Neutral,-0.1,1993.4100058674812
YouTube,YO_101042,bsywdodp,Technology,Neutral,-0.01,8979.39988732338
Reddit,RE_101045,fivhwocn,Entertainment,Negative,-0.93,5168.670028328896
Reddit,RE_101046,ytvusogb,Entertainment,Positive,0.36,5240.819807767868
Twitter,TW_101048,iefzmebz,Sports,Positive,0.46,8818.599849820137
Twitter,TW_101050,vmmqevkv,Technology,Negative,-0.92,540.9599879086018
Twitter,TW_101051,fmvrxtjk,Sports,Negative,-0.38,7948.079939842224
YouTube,YO_101055,embucwik,Sports,Negative,-0.95,14607.100242972374
Twitter,TW_101061,cziadcyd,Politics,Positive,0.4,1580.7900086641312
Twitter,TW_101062,pnthsqin,Health,Negative,-0.42,2707.319985330105
YouTube,YO_101064,gilwpjup,Sports,Positive,0.76,2495.8500991761684
Reddit,RE_101065,dndhpvmm,Entertainment,Negative,-0.87,6563.150142252445
Reddit,RE_101068,fmjimieq,Finance,Positive,0.32,1014.380025267601
Reddit,RE_101069,eehasrts,Health,Positive,0.72,4952.959889292717
Reddit,RE_101070,gwwutohs,Finance,Positive,0.83,1317.3300523459911
YouTube,YO_101071,csmvhpek,Climate,Negative,-0.58,12389.46009528637
Twitter,TW_101073,bksfkxsz,Finance,Negative,-0.66,4213.169845461845
YouTube,YO_101075,dgcoonrr,Technology,Negative,-0.68,9684.360384821892
Reddit,RE_101076,udfckxtn,Health,Positive,0.9,5336.010212033987
Reddit,RE_101078,hcdhuelj,Sports,Negative,-0.83,233.15999478846788
Twitter,TW_101080,awhhpicw,Finance,Positive,0.7,106.40999762155116
YouTube,YO_101082,yaqcmvtl,Finance,Negative,-0.46,4613.139907240868
YouTube,YO_101083,jjcygroa,Finance,Negative,-0.92,11786.420276403427
Reddit,RE_101084,bjsqywvz,Entertainment,Positive,0.66,7263.339790999889
Twitter,TW_101085,tzvruvbo,Climate,Negative,-0.54,4258.619810700417
Twitter,TW_101086,nivrrmvw,Sports,Positive,1.0,1825.669990107417
Twitter,TW_101087,zvdjvvzj,Entertainment,Neutral,0.03,5642.500132322311
YouTube,YO_101089,cckpejrf,Technology,Negative,-0.6,6701.759754180908
YouTube,YO_101091,izsmmvch,Entertainment,Neutral,-0.05,3381.5
Twitter,TW_101092,pwljkwgf,Technology,Neutral,0.11,49.91999888420105
YouTube,YO_101094,aelkqwvh,Climate,Neutral,-0.16,10489.050101041794
Reddit,RE_101098,skpedwkd,Finance,Negative,-0.94,872.3400067090988
Twitter,TW_101104,qiimbamw,Technology,Neutral,-0.13,6434.3402556777
Twitter,TW_101110,aahfgjyl,Technology,Negative,-0.97,4023.359910070896
YouTube,YO_101111,wfmrdfnn,Sports,Negative,-0.67,2652.1201053857803
YouTube,YO_101112,zpkirgqc,Finance,Negative,-0.61,11927.039733409882
YouTube,YO_101113,gyfikldb,Finance,Positive,0.71,6310.049978196621
Reddit,RE_101114,lsnnzpwq,Climate,Negative,-0.36,91.63999795168638
YouTube,YO_101116,usrftmdv,Sports,Negative,-0.84,503.99998873472214
Twitter,TW_101119,baweziew,Finance,Positive,0.64,535.07998804003
YouTube,YO_101121,naauiwsn,Entertainment,Neutral,0.15,1738.080069065094
Twitter,TW_101124,gqnnyylo,Health,Negative,-0.42,7947.02993068099
Twitter,TW_101127,vzltdlzp,Finance,Positive,0.52,34.959999561309814
Twitter,TW_101130,sycjuaea,Politics,Negative,-0.37,21.95999950915575
Reddit,RE_101132,rrxdmkry,Health,Neutral,-0.07,12003.75035405159
Reddit,RE_101133,ldlynqql,Sports,Neutral,-0.18,8037.039956450462
Twitter,TW_101136,tnqrzlsl,Politics,Negative,-0.91,7406.919851064682
Reddit,RE_101137,gxlecjmm,Sports,Positive,0.57,1972.3199559152126
Twitter,TW_101138,efgoceff,Health,Negative,-0.49,2657.820105612278
Reddit,RE_101139,qjaiovox,Entertainment,Positive,0.55,14979.510115206242
Twitter,TW_101142,nimjsjoc,Entertainment,Neutral,-0.06,10784.399864673615
YouTube,YO_101143,xlwrfvso,Health,Neutral,-0.04,1799.8499339818954
Twitter,TW_101144,pkxyhlwv,Climate,Negative,-0.79,16089.840047359467
Twitter,TW_101147,agayfaqm,Entertainment,Positive,0.9,3719.579990565777
YouTube,YO_101149,zqiehles,Sports,Neutral,0.05,4997.669982731342
Twitter,TW_101152,itlyyxhj,Technology,Neutral,-0.03,4394.949873536825
Reddit,RE_101158,ptcbjnev,Finance,Negative,-0.93,3330.6001323461533
YouTube,YO_101164,utkdpece,Entertainment,Negative,-0.92,20.59999953955412
YouTube,YO_101165,biluagio,Health,Negative,-0.95,7434.449803054333
Reddit,RE_101168,ordbdzyh,Health,Positive,0.52,8342.719759941101
YouTube,YO_101170,mzyqweqi,Finance,Neutral,-0.11,491.5
Twitter,TW_101173,mhtcoseq,Finance,Negative,-0.38,5183.220100879669
Reddit,RE_101177,zqceoxgs,Technology,Neutral,-0.03,9356.25
Twitter,TW_101178,vesnlsjj,Health,Negative,-0.73,13876.199632406235
Reddit,RE_101179,klmscjfh,Climate,Negative,-0.58,1769.2800521850586
Reddit,RE_101180,amvucchk,Climate,Neutral,0.07,2482.9799285531044
Reddit,RE_101184,lnqxzxef,Health,Positive,0.35,2520.4000375568867
Twitter,TW_101185,qxcmobex,Sports,Neutral,0.07,10560.419612646103
Reddit,RE_101186,ciwgjtcx,Technology,Neutral,0.16,4774.62003672123
Twitter,TW_101188,xiretujq,Climate,Neutral,-0.07,5199.600206613541
YouTube,YO_101189,ivrhhgig,Entertainment,Neutral,0.08,2559.0
YouTube,YO_101191,pdrcxjie,Politics,Positive,0.59,4944.75
YouTube,YO_101192,jkkwkzxz,Politics,Positive,0.54,407.43999779224396
Twitter,TW_101194,ovetvtkd,Health,Positive,0.65,127.52999532222748
YouTube,YO_101195,kdfkjmqj,Politics,Neutral,0.12,15937.600237488747
Twitter,TW_101196,hsjtirfi,Health,Positive,0.83,0.0
Twitter,TW_101197,muayqlkk,Technology,Neutral,-0.13,7056.3997411727905
Twitter,TW_101198,regivlrk,Entertainment,Negative,-0.76,3270.4000487327576
Reddit,RE_101202,ysooyetp,Health,Positive,0.77,251.2399986386299
YouTube,YO_101204,wizdpevk,Climate,Negative,-0.65,923.3000137582421
YouTube,YO_101205,lnygltgi,Health,Positive,0.32,11280.000448226929
Twitter,TW_101207,klzkespi,Politics,Neutral,-0.03,8168.889559030533
Twitter,TW_101208,setgeady,Climate,Neutral,0.05,1762.0499670505524
Twitter,TW_101209,twbezzil,Politics,Positive,0.99,4.229999905452132
YouTube,YO_101211,ilxuoiil,Politics,Neutral,0.17,9414.360374093056
YouTube,YO_101212,gqtxjrwu,Finance,Positive,0.83,456.90000680834055
Twitter,TW_101213,ztxmjrtk,Politics,Neutral,0.12,6367.619801193476
Reddit,RE_101214,owxuesyc,Health,Negative,-0.51,10.849999815225601
Twitter,TW_101216,eoxihqhk,Entertainment,Positive,0.85,8638.200343251228
Reddit,RE_101220,uojtwabb,Climate,Positive,0.91,3653.100145161152
Twitter,TW_101223,mkgppett,Health,Positive,0.65,1289.8599887490273
Twitter,TW_101224,vddfmcpm,Politics,Neutral,-0.16,1127.9999747872353
Reddit,RE_101226,fgjkdpsm,Entertainment,Neutral,-0.09,12270.38030564785
Twitter,TW_101227,xevyfpay,Health,Neutral,-0.1,8458.449689745903
Reddit,RE_101231,hsjzuwfs,Entertainment,Neutral,-0.04,1502.9400193691254
YouTube,YO_101232,alkduzbk,Technology,Negative,-1.0,2643.0
YouTube,YO_101233,cwxmfkqw,Technology,Neutral,0.16,8812.319803029299
YouTube,YO_101234,ofktchfa,Climate,Positive,0.86,306.20000456273556
Twitter,TW_101235,cltikuhz,Entertainment,Positive,0.99,4348.259967088699
Reddit,RE_101238,lefuloyq,Finance,Positive,0.47,108.32999757863581
Twitter,TW_101239,hdeypvzo,Sports,Negative,-0.72,5623.970093548298
Twitter,TW_101242,snanupaw,Sports,Neutral,0.04,453.20000982284546
YouTube,YO_101243,qyuzcsok,Technology,Neutral,0.12,10994.099596738815
Twitter,TW_101248,kojxdkth,Finance,Positive,0.36,646.5200027525425
YouTube,YO_101255,lsdhnwyi,Entertainment,Negative,-0.37,1238.789961323142
Reddit,RE_101256,utnmbras,Entertainment,Positive,0.48,73.73999835178256
Reddit,RE_101258,qhlkykry,Technology,Positive,0.82,7962.400118649006
Twitter,TW_101259,kzfaqfdy,Climate,Positive,0.71,14216.250398755074
Reddit,RE_101261,bdguvfdn,Politics,Neutral,0.18,4129.309881180525
Reddit,RE_101263,sfupkmen,Politics,Neutral,-0.0,5307.299859404564
YouTube,YO_101264,tvyttica,Entertainment,Neutral,-0.01,6750.730131387711
Twitter,TW_101269,fijasbfh,Climate,Neutral,0.1,2922.0099633336067
Twitter,TW_101270,akvnsdka,Technology,Neutral,0.16,14289.520388126373
YouTube,YO_101273,rujtiqdn,Health,Negative,-0.77,625.3799804747105
Twitter,TW_101274,ovuczsec,Politics,Negative,-0.64,5227.339894890785
YouTube,YO_101276,mhjmdndy,Entertainment,Negative,-0.63,1191.239973373711
YouTube,YO_101280,kdlcwfcl,Entertainment,Negative,-0.73,15117.440410614014
Twitter,TW_101281,clxeyvgx,Finance,Positive,0.76,1634.189979493618
YouTube,YO_101282,vyvognvd,Politics,Negative,-0.74,9592.199745893478
Twitter,TW_101288,jhadxqvi,Finance,Negative,-0.71,8610.419684171677
Twitter,TW_101290,nzchfaqp,Finance,Positive,0.61,10253.600152790546
YouTube,YO_101291,efdiepve,Entertainment,Neutral,-0.13,718.6199680566788
Twitter,TW_101294,dkvfdcbo,Finance,Positive,0.78,11619.320315599442
Twitter,TW_101295,klvqekfp,Entertainment,Positive,0.72,5500.59990632534
YouTube,YO_101296,wlhrpjci,Health,Positive,0.42,6302.789768815041
YouTube,YO_101297,cgsdhuij,Politics,Positive,0.37,6146.520111501217
Reddit,RE_101298,jtagxquy,Climate,Negative,-0.34,806.6800200939178
Twitter,TW_101299,gaorwyxh,Technology,Positive,0.98,1449.5199676007032
YouTube,YO_101300,rydxndyb,Politics,Positive,0.48,5540.4000825583935
Reddit,RE_101307,bwiorwiy,Sports,Negative,-0.5,10941.570256590843
Reddit,RE_101310,bcgyvhso,Entertainment,Neutral,0.04,1720.9199615344405
Twitter,TW_101311,axxiynwx,Climate,Negative,-0.98,4403.25
Reddit,RE_101312,fbjucwug,Politics,Neutral,0.01,14389.519768714905
YouTube,YO_101316,kuhoedkm,Climate,Positive,0.98,692.5599962472916
YouTube,YO_101317,yjnabbha,Sports,Positive,0.7,6707.550197839737
Reddit,RE_101318,nsptcnex,Sports,Positive,0.52,7237.800287604332
Reddit,RE_101319,wzrwvvcb,Health,Neutral,0.18,5565.600221157074
YouTube,YO_101320,giyoexbc,Finance,Negative,-0.34,5485.800217986107
Reddit,RE_101324,avqqnlij,Entertainment,Neutral,-0.09,3976.6400418281555
Twitter,TW_101325,yureymns,Climate,Neutral,0.2,17317.549782693386
YouTube,YO_101328,dymgvlwe,Politics,Positive,0.45,4350.4999259114265
Reddit,RE_101329,zxgxpccd,Finance,Positive,0.35,1853.4499767422676
Twitter,TW_101330,xnhgsgqq,Entertainment,Neutral,0.15,4641.250126063824
Twitter,TW_101331,lphvqrsg,Climate,Positive,0.96,11658.83030462265
Reddit,RE_101332,xchlswej,Politics,Neutral,0.12,3683.219931125641
Reddit,RE_101336,soizxxqb,Sports,Positive,0.36,5477.190128445625
YouTube,YO_101338,oktjyxgt,Finance,Neutral,0.16,4183.620081424713
YouTube,YO_101340,ridlcaul,Technology,Neutral,-0.04,15832.799580574036
Reddit,RE_101341,lmrpevog,Health,Positive,0.67,791.8399823009968
Reddit,RE_101342,rbpvvrqu,Climate,Neutral,0.03,930.1599949598312
Reddit,RE_101343,tkgbxyqx,Health,Positive,0.89,1032.789990991354
YouTube,YO_101345,wtugaalf,Sports,Negative,-0.62,4555.320019394159
Reddit,RE_101346,bmdrpelg,Sports,Positive,0.74,899.8000195026398
Twitter,TW_101348,njchdzya,Entertainment,Neutral,0.05,6511.800258755684
Reddit,RE_101350,jschtizz,Climate,Neutral,-0.08,17616.060169696808
Twitter,TW_101351,vfvrntco,Technology,Neutral,-0.2,1308.0599520206451
YouTube,YO_101352,tmmnklka,Politics,Negative,-0.65,3273.8899589180946
Reddit,RE_101354,rjnaobld,Health,Positive,0.52,4357.759976387024
YouTube,YO_101355,yuhyggxi,Entertainment,Negative,-0.31,1267.700018890202
Reddit,RE_101358,ilkkdpmr,Technology,Negative,-0.72,3251.4901292026043
Twitter,TW_101359,czgfesyo,Entertainment,Neutral,-0.18,2779.140011832118
Reddit,RE_101360,oimysvpk,Climate,Positive,0.46,1404.6599877476692
Twitter,TW_101361,bckvpiii,Climate,Neutral,0.14,5723.899790048599
Twitter,TW_101362,rvbufczj,Finance,Negative,-0.62,14997.540249466896
Twitter,TW_101363,xgiohrix,Finance,Negative,-0.9,8630.0
Reddit,RE_101364,bsrweunu,Health,Neutral,0.17,8163.610235273838
YouTube,YO_101365,illxmqhs,Politics,Positive,0.46,6186.719861716032
YouTube,YO_101366,zpeobqdd,Finance,Positive,0.32,856.9599685668945
YouTube,YO_101367,yqzffgbw,Entertainment,Positive,0.49,4783.62011218071
YouTube,YO_101368,eequeidz,Entertainment,Neutral,0.09,12747.349684238434
Twitter,TW_101369,kflegrtz,Health,Negative,-0.49,812.6500121094286
Reddit,RE_101372,uenhpoxv,Technology,Negative,-0.9,9601.19974565506
Reddit,RE_101374,gpvupori,Climate,Negative,-0.49,171.8099965453148
YouTube,YO_101378,wmwbkkbl,Finance,Positive,0.95,12815.450359463692
Reddit,RE_101379,hkbdpyfn,Entertainment,Neutral,-0.18,16793.14048397541
Twitter,TW_101380,wyolxgvp,Climate,Negative,-0.87,6088.800101280212
YouTube,YO_101383,byhwlqwk,Health,Negative,-0.97,3.200000047683716
Twitter,TW_101385,ggqddxmt,Finance,Positive,0.72,3185.270057782531
YouTube,YO_101386,qikhczwc,Politics,Positive,0.47,9005.23988699913
Twitter,TW_101387,oumolyea,Health,Positive,0.5,6110.640242815018
Twitter,TW_101388,wtaltqjn,Climate,Neutral,-0.13,9574.879807472229
YouTube,YO_101390,sruzwkvl,Technology,Neutral,0.2,1510.7199662327766
Reddit,RE_101399,fjrnymfp,Sports,Neutral,-0.1,7062.119740962982
YouTube,YO_101401,wtazdzpe,Technology,Neutral,0.1,493.43998897075653
YouTube,YO_101402,gzomxvjr,Sports,Neutral,-0.2,9167.999795079231
YouTube,YO_101403,qxzsjmzl,Sports,Negative,-0.61,60.83999864012003
Twitter,TW_101405,oolpfwtq,Sports,Positive,0.98,1623.7200069129467
Reddit,RE_101406,oxbrqzyg,Finance,Negative,-0.75,670.9199850037694
YouTube,YO_101413,txkxanbr,Entertainment,Positive,0.39,4042.2499492764473
Twitter,TW_101414,gfcclddt,Sports,Negative,-0.43,9798.869877040386
Twitter,TW_101417,cljpgups,Climate,Positive,0.98,14418.760239839554
Reddit,RE_101419,zewrqsko,Finance,Positive,0.86,12449.919721722603
Reddit,RE_101422,wakwppxa,Climate,Neutral,-0.05,1626.2600125074387
YouTube,YO_101424,rfcjashs,Sports,Negative,-0.71,6279.299833655357
Reddit,RE_101433,zqhdqjbo,Climate,Negative,-0.33,4422.319761276245
Twitter,TW_101436,htdrbtot,Finance,Neutral,0.16,1595.1799959540367
YouTube,YO_101437,visvdzrk,Technology,Negative,-0.76,7472.699802041054
Twitter,TW_101439,hvdairbz,Health,Negative,-0.73,3713.2799170017242
Twitter,TW_101441,tonewyaw,Climate,Neutral,0.0,5530.100155115128
Reddit,RE_101443,gzeedqgx,Politics,Positive,0.71,10303.799622058868
YouTube,YO_101445,eobvmbtw,Technology,Positive,0.74,1166.639973923564
YouTube,YO_101447,ojtlaftk,Finance,Negative,-0.55,8974.840174674988
Twitter,TW_101448,gfgveuwa,Health,Positive,0.68,5236.9101422429085
Reddit,RE_101450,clsnancz,Politics,Neutral,-0.01,5250.239882647991
YouTube,YO_101451,cmgwvloe,Finance,Neutral,0.2,10330.179792284966
Twitter,TW_101452,rtagswjq,Technology,Neutral,0.09,2334.5400609970093
Twitter,TW_101457,qaqiqjwg,Politics,Neutral,-0.08,5256.000208854675
Reddit,RE_101459,vnqyigox,Technology,Positive,0.7,1594.6699913591146
Reddit,RE_101460,aeuztpeo,Entertainment,Negative,-0.34,9561.0
YouTube,YO_101462,bwbtoeew,Entertainment,Positive,0.94,158.48000067472458
Twitter,TW_101464,xqgrqvcl,Climate,Negative,-0.65,441.09001752734184
YouTube,YO_101465,pscigovo,Politics,Neutral,-0.13,12514.140161275864
Twitter,TW_101466,zmeabqal,Sports,Neutral,0.02,7275.359974861145
Reddit,RE_101469,wlfuloqe,Politics,Positive,0.77,1864.2699837386608
YouTube,YO_101470,fbejkgwg,Finance,Neutral,0.0,7667.740139096975
Twitter,TW_101471,wnpqfqwj,Politics,Negative,-0.58,2975.2799838781357
YouTube,YO_101472,luhvjvoz,Climate,Positive,0.66,6400.929983764887
Twitter,TW_101477,ryfjwmqr,Technology,Positive,0.37,1663.2000160217285
YouTube,YO_101479,pbwsmyvv,Politics,Positive,0.73,5682.000225782394
Twitter,TW_101482,acdnporg,Politics,Positive,0.32,5810.1999270915985
YouTube,YO_101486,speqlcyw,Technology,Neutral,-0.03,1526.9599658697844
YouTube,YO_101487,ixdeseaa,Technology,Negative,-0.96,11206.400117874146
YouTube,YO_101488,rdvwrtid,Politics,Negative,-0.55,1304.2800518274307
Reddit,RE_101489,tohafveh,Climate,Positive,0.85,4643.099964857101
Twitter,TW_101490,bbrynqax,Health,Positive,0.92,3334.5200141966343
Reddit,RE_101491,mrantttc,Finance,Positive,0.65,1985.7000295892358
Reddit,RE_101492,lsrtuxea,Finance,Positive,0.88,168.23999623954296
Twitter,TW_101493,bkulvqgg,Finance,Positive,0.56,512.9799811840057
Twitter,TW_101494,wmcfjfck,Entertainment,Negative,-0.94,1346.3999927043915
YouTube,YO_101496,rvqnlxti,Entertainment,Negative,-0.92,4443.579961240292
Reddit,RE_101497,ossmvetm,Sports,Neutral,-0.07,8149.680158615112
YouTube,YO_101499,rrzkmtan,Entertainment,Positive,0.77,4427.279837608337
Reddit,RE_101501,lcdqcxiw,Politics,Neutral,0.18,1930.7199895381927
Twitter,TW_101502,tcvjywxq,Entertainment,Negative,-0.65,1361.2199575006962
Twitter,TW_101503,hpdacbot,Climate,Positive,0.92,14.000000059604645
Reddit,RE_101505,ejteqwks,Climate,Positive,0.54,14457.660079240799
YouTube,YO_101507,hpqnuefk,Politics,Neutral,-0.19,13217.579884707928
Reddit,RE_101510,jtnfmnhm,Climate,Positive,0.43,364.300005428493
YouTube,YO_101511,etmxqxjb,Climate,Negative,-0.77,4144.459989488125
Reddit,RE_101516,avqrxgih,Finance,Positive,0.49,2551.20010137558
YouTube,YO_101518,etrqosql,Entertainment,Negative,-0.39,9587.339927434921
Twitter,TW_101519,ldljeyzp,Climate,Negative,-0.81,4918.4400517344475
Reddit,RE_101521,vccihkiw,Politics,Positive,0.79,748.1999832764268
Reddit,RE_101523,hwpdpdbp,Politics,Positive,0.7,6708.000266551971
YouTube,YO_101526,jbqisdxv,Climate,Neutral,0.15,7844.759755074978
Reddit,RE_101528,rofsaitx,Climate,Negative,-0.51,1640.159969329834
Reddit,RE_101530,fbglouga,Politics,Neutral,-0.08,187.70000279694796
YouTube,YO_101534,eqlgdymc,Climate,Neutral,-0.05,132.07999704778194
Reddit,RE_101535,elgidmdh,Finance,Positive,0.69,12251.58048683405
Twitter,TW_101538,qjelkfka,Technology,Negative,-0.69,9779.299877285957
Reddit,RE_101541,nqhbtvup,Climate,Neutral,0.13,12771.83971452713
Twitter,TW_101542,vmplnhsm,Politics,Positive,0.82,7155.959776580334
Reddit,RE_101543,mlbiqifz,Finance,Neutral,0.09,4760.639893591404
YouTube,YO_101546,kpgctuur,Politics,Neutral,-0.06,1364.5800058096647
YouTube,YO_101547,chuheavx,Health,Neutral,-0.03,2555.859993517399
Reddit,RE_101548,zrmwlfnw,Sports,Neutral,-0.01,10668.030082046986
Reddit,RE_101549,qgopokhc,Politics,Negative,-0.63,6012.099732756615
YouTube,YO_101554,qogfugrf,Climate,Neutral,-0.09,2655.100011304021
Reddit,RE_101555,twndirex,Health,Neutral,-0.1,6823.0
Twitter,TW_101556,uidmpdmu,Climate,Positive,0.46,3652.1599183678627
Twitter,TW_101558,pcgkywuy,Sports,Neutral,0.09,1825.999990105629
Reddit,RE_101559,hhsujchl,Technology,Negative,-0.48,508.10000757128
YouTube,YO_101562,odraxdyp,Climate,Positive,0.53,1193.8799733147025
Reddit,RE_101564,zuelntha,Politics,Negative,-0.58,415.26001650094986
Twitter,TW_101566,lvqpcdyt,Technology,Negative,-0.73,5341.75988060236
Reddit,RE_101567,nrjpwmuk,Technology,Positive,0.93,6098.909978926182
Twitter,TW_101568,jfhjbrni,Sports,Negative,-0.32,1462.1900382041931
Twitter,TW_101569,jiwwpmki,Climate,Negative,-0.51,8366.249971091747
Twitter,TW_101571,qapjbthg,Sports,Neutral,0.1,2910.719934940338
Reddit,RE_101574,lqnrrvoy,Entertainment,Neutral,0.01,14563.009639263153
YouTube,YO_101576,qpgyuwcj,Climate,Neutral,-0.14,11952.899850010872
Twitter,TW_101578,dutqynoa,Technology,Positive,0.37,12121.999847888947
Reddit,RE_101579,tlyrfsue,Climate,Positive,0.6,2797.9000544548035
YouTube,YO_101580,kbypsvax,Sports,Neutral,-0.04,5794.450162529945
Reddit,RE_101581,madkjvkp,Politics,Negative,-0.75,23.940000101923943
Twitter,TW_101583,gvzwdmgy,Sports,Positive,0.69,10346.810257732868
Twitter,TW_101585,pcwiartp,Sports,Neutral,0.14,7497.000210285187
YouTube,YO_101586,xvweqyio,Health,Positive,0.36,4036.2301603853703
Reddit,RE_101588,planelae,Sports,Neutral,0.03,6021.509818017483
Twitter,TW_101589,jwsgsgom,Finance,Negative,-0.54,658.7200119495392
Twitter,TW_101590,wtdnukgn,Sports,Negative,-0.37,5318.519986510277
Twitter,TW_101591,wpmuahdw,Climate,Negative,-0.39,360.39999194443226
Twitter,TW_101593,bdcdavrl,Politics,Negative,-0.99,1256.9700499475002
Reddit,RE_101597,fmyblepy,Sports,Positive,0.61,1080.1800113618374
Reddit,RE_101600,hmgoamxc,Health,Positive,0.76,707.2500105388463
Twitter,TW_101601,jpvjvocy,Sports,Negative,-0.75,10331.199944019318
Reddit,RE_101603,nefwzicd,Finance,Positive,0.95,2742.120108962059
YouTube,YO_101607,zqyliqlt,Technology,Positive,0.54,5557.559840083122
Twitter,TW_101610,qmsvrbbl,Politics,Positive,0.5,1359.7200540304184
Twitter,TW_101612,jwojaxuv,Health,Positive,0.39,3530.8801403045654
Twitter,TW_101613,xtouscux,Technology,Positive,0.95,1080.0000429153442
Twitter,TW_101614,nkldbwau,Sports,Negative,-0.91,4631.399877309799
Twitter,TW_101616,hnenmaxp,Technology,Neutral,0.09,7394.0097287893295
YouTube,YO_101617,umzhzigv,Politics,Neutral,0.05,8119.440322637558
Twitter,TW_101621,obfpwjjl,Sports,Neutral,-0.04,547.1999877691269
Reddit,RE_101623,dfurusxh,Sports,Negative,-0.32,621.6000247001648
Reddit,RE_101624,uymvqipx,Politics,Neutral,0.15,183.1999959051609
YouTube,YO_101626,cvejsmaf,Climate,Negative,-0.68,4360.160018563271
Reddit,RE_101628,rrsodsmc,Finance,Positive,0.3,773.1999827176332
YouTube,YO_101631,ncgtxfux,Climate,Negative,-0.48,14415.030079007149
Reddit,RE_101634,llvtddpc,Technology,Negative,-0.99,10450.120283842087
YouTube,YO_101635,rleuigmr,Technology,Positive,0.47,5277.819933772087
YouTube,YO_101637,nyyhbubu,Health,Neutral,0.16,1164.9000462889671
Twitter,TW_101639,licwxrgp,Sports,Positive,0.45,368.9200066924095
Twitter,TW_101640,hljvngnn,Politics,Positive,0.45,11973.460312843323
YouTube,YO_101641,pxefsuco,Technology,Negative,-0.39,6944.400275945663
Twitter,TW_101644,izaecrak,Politics,Positive,0.32,1005.3000399470329
YouTube,YO_101647,qaelwuth,Entertainment,Positive,0.64,191.40000414848328
YouTube,YO_101648,pnspfefp,Climate,Positive,0.76,2509.7100323438644
Twitter,TW_101649,anfdilab,Technology,Neutral,-0.03,3426.3600145876408
Twitter,TW_101651,fskpnidl,Entertainment,Positive,0.81,4005.2600779533386
Twitter,TW_101652,ypaffhpv,Politics,Neutral,0.18,3184.01997590065
YouTube,YO_101653,nbpjogly,Politics,Negative,-0.84,1362.8500401973724
YouTube,YO_101655,lxyouzqw,Sports,Neutral,-0.19,714.3999910354614
Twitter,TW_101656,mxpldesh,Entertainment,Negative,-0.73,79.27999822795391
Reddit,RE_101659,salvkcuv,Politics,Negative,-0.53,2374.9999701976776
Twitter,TW_101662,kjjvwvaj,Health,Neutral,-0.07,7576.7403010725975
Reddit,RE_101664,uyuaxncg,Health,Neutral,-0.12,1494.239991903305
Reddit,RE_101665,arioasxo,Entertainment,Negative,-0.36,10374.250290989876
Reddit,RE_101667,rgwrfyml,Technology,Negative,-0.75,8211.139868021011
YouTube,YO_101668,ogfiyrtf,Entertainment,Neutral,-0.05,9283.219919025898
Reddit,RE_101669,uxtmjpzk,Finance,Neutral,0.1,3425.2000510394573
YouTube,YO_101671,vclxqjpd,Sports,Positive,0.52,4815.039958000183
YouTube,YO_101672,xnaqfbmb,Health,Positive,0.55,3038.0000233650208
Twitter,TW_101674,rpnvmfam,Politics,Neutral,-0.1,1198.9999935030937
YouTube,YO_101676,wscrgxkc,Finance,Neutral,-0.14,687.9000102505088
Twitter,TW_101678,femlubca,Technology,Neutral,-0.07,13352.580362677574
YouTube,YO_101680,xabxbfae,Technology,Negative,-0.75,3003.980049967766
Twitter,TW_101682,ejgpbekt,Sports,Neutral,-0.13,5672.799903392792
YouTube,YO_101683,largqtnn,Finance,Neutral,0.15,14163.930136442184
YouTube,YO_101684,prahjcwi,Entertainment,Negative,-0.88,706.2899740934372
YouTube,YO_101687,iuhcauoa,Sports,Positive,0.76,2117.2000315487385
Twitter,TW_101690,bxgtxoej,Sports,Positive,0.47,150.999996624887
YouTube,YO_101693,ozfermzk,Health,Neutral,-0.02,99.99999776482582
Twitter,TW_101694,qogwrdyq,Sports,Negative,-0.65,2307.5499710440636
YouTube,YO_101695,knsaurfd,Climate,Negative,-0.73,8199.000325798988
YouTube,YO_101697,xnuboevw,Climate,Positive,0.81,116.6000017374754
YouTube,YO_101698,mdbfjofo,Health,Neutral,-0.14,17561.880318582058
Reddit,RE_101699,epjwwkcg,Sports,Positive,0.47,634.6799944639206
Twitter,TW_101700,tngqpzxp,Health,Positive,0.89,2172.600022852421
Reddit,RE_101702,gkekspdi,Entertainment,Neutral,-0.08,6930.070134878159
Reddit,RE_101703,ucbepciu,Climate,Negative,-0.93,1147.2399669885635
YouTube,YO_101705,zavtggaq,Climate,Negative,-0.37,437.92000460624695
Reddit,RE_101706,uofpvaac,Technology,Negative,-0.63,23.600000351667404
Reddit,RE_101708,euukfzds,Politics,Negative,-0.35,574.0799871683121
YouTube,YO_101709,uovngstb,Politics,Positive,0.87,2030.7299255132675
YouTube,YO_101712,ohbmvkov,Health,Positive,0.93,5.849999845027924
YouTube,YO_101713,utxnfnwn,Politics,Neutral,-0.04,494.949993789196
Twitter,TW_101714,rqjhopyo,Politics,Negative,-0.52,8058.0
YouTube,YO_101718,vvxkkmpj,Finance,Neutral,0.06,3684.599987268448
Reddit,RE_101719,hblvtrbx,Climate,Neutral,0.12,675.3999963402748
Twitter,TW_101720,saylavdt,Entertainment,Positive,0.38,7732.690150499344
Twitter,TW_101721,zsxlmqhu,Technology,Neutral,0.19,7649.459719419479
Twitter,TW_101724,swuicbxr,Sports,Negative,-0.46,11901.75
Reddit,RE_101725,pmcxrjwe,Health,Positive,0.65,8457.329970777035
YouTube,YO_101727,kpsgnjna,Entertainment,Positive,0.39,4029.9199352264404
Twitter,TW_101728,jopabkvo,Technology,Negative,-0.73,10042.560399055481
Twitter,TW_101729,pehgobnr,Entertainment,Positive,0.81,2146.7600225806236
Twitter,TW_101733,vfrdeuis,Climate,Negative,-0.51,8829.119834899902
YouTube,YO_101736,nnhjwdww,Health,Positive,0.7,8314.56033039093
Twitter,TW_101737,ueyflgzb,Technology,Neutral,-0.05,5091.839813232422
Twitter,TW_101740,etmtqqfh,Finance,Neutral,0.01,12233.279726564884
YouTube,YO_101743,ladlvazj,Sports,Negative,-0.41,883.1900067925453
Reddit,RE_101744,npzcrdmq,Climate,Positive,0.78,8512.240089535713
Reddit,RE_101746,ynycrczl,Climate,Negative,-0.52,1127.210004799068
Twitter,TW_101749,nupobjkq,Finance,Positive,0.89,449.78998994641006
Reddit,RE_101750,mmruqaxi,Finance,Negative,-0.33,8870.90988868475
Reddit,RE_101751,qoygktte,Technology,Neutral,-0.18,7403.160077869892
Reddit,RE_101755,mhymsxhv,Finance,Positive,0.94,2917.44011592865
Reddit,RE_101763,kitfpqgv,Entertainment,Positive,0.3,9069.0
Reddit,RE_101766,caremouv,Climate,Positive,0.71,3531.5900587439537
Reddit,RE_101767,ubjihanz,Entertainment,Positive,0.46,855.999980866909
YouTube,YO_101768,ghxsgdir,Finance,Positive,0.37,11443.649960458279
Twitter,TW_101775,gogxycdz,Politics,Negative,-0.49,624.639986038208
YouTube,YO_101776,octvqelk,Politics,Positive,0.47,2266.9399168491364
YouTube,YO_101778,vytuzurl,Entertainment,Positive,0.88,84.12999811954796
Reddit,RE_101781,gtihniky,Technology,Neutral,0.12,2250.1099352538586
Twitter,TW_101782,zelzsnmc,Finance,Negative,-0.57,287.00000427663326
Reddit,RE_101785,scxvwgbb,Climate,Negative,-0.91,9994.880181312561
Twitter,TW_101786,duufoepe,Entertainment,Positive,0.68,436.80001735687256
YouTube,YO_101787,erhrggsz,Technology,Neutral,-0.11,14490.34981817007
YouTube,YO_101788,nnukqwiz,Entertainment,Negative,-0.45,1196.519956111908
Reddit,RE_101791,iuqemyty,Politics,Neutral,-0.02,3509.580019235611
YouTube,YO_101793,lxpbuvkn,Technology,Positive,0.8,19.779999557882547
YouTube,YO_101796,uvqoskkp,Politics,Negative,-0.6,1710.709950774908
Twitter,TW_101799,qknrimkg,Climate,Positive,0.95,1954.100029118359
Reddit,RE_101800,xttlikrc,Politics,Negative,-0.76,1144.4100147485733
Reddit,RE_101801,ecdceyyn,Finance,Positive,0.52,225.72000896930695
YouTube,YO_101802,zwhdubte,Entertainment,Positive,1.0,15187.290447950363
Reddit,RE_101803,rbeqciuh,Finance,Negative,-0.89,856.5000340342522
YouTube,YO_101804,fljxoorr,Entertainment,Positive,0.88,0.0
Twitter,TW_101805,jxqexata,Entertainment,Negative,-0.82,341.11999237537384
Reddit,RE_101806,ydncqfyv,Climate,Neutral,-0.14,1034.4600044041872
Reddit,RE_101808,mswzxxqz,Finance,Neutral,-0.02,3261.499982327223
Reddit,RE_101810,ubltrlty,Health,Positive,0.43,906.5699931383133
YouTube,YO_101814,kayvoxxt,Finance,Neutral,-0.16,4048.799909502268
Reddit,RE_101816,bkygemtu,Entertainment,Positive,0.35,500.2799888178706
Twitter,TW_101817,yupmlhzu,Politics,Negative,-0.84,484.1199939250946
YouTube,YO_101818,fqborbxe,Climate,Positive,0.99,4770.460140705109
YouTube,YO_101821,whmeowna,Health,Positive,0.52,268.4699966311455
YouTube,YO_101822,fcetbpwm,Entertainment,Negative,-0.54,2534.7001007199287
Reddit,RE_101824,igsdetye,Sports,Neutral,-0.15,3.8899999130517244
Reddit,RE_101826,recyjiri,Politics,Negative,-0.46,1294.6999929845333
Twitter,TW_101827,qeqytjgz,Entertainment,Neutral,0.18,2096.5700491666794
Twitter,TW_101829,qsfemlni,Health,Neutral,0.02,10012.309751987457
Reddit,RE_101830,izbvldlx,Climate,Neutral,-0.01,9988.380396902561
Reddit,RE_101831,yybzkiuw,Sports,Positive,0.87,12324.59032201767
YouTube,YO_101833,kzysuidt,Entertainment,Negative,-0.78,1569.9600623846054
Reddit,RE_101835,wwfpjcmb,Health,Positive,0.37,1953.28000831604
YouTube,YO_101836,hqvzfjxr,Technology,Neutral,-0.19,17084.40030992031
YouTube,YO_101842,sbnmynrk,Finance,Positive,0.87,7912.8397097587585
Reddit,RE_101845,iqomqqst,Entertainment,Negative,-0.43,5315.439805030823
YouTube,YO_101848,udyjvdev,Technology,Positive,0.65,1429.229956805706
Twitter,TW_101849,wqomyfai,Technology,Positive,0.67,903.6399739980698
YouTube,YO_101850,gxcorrqh,Climate,Negative,-1.0,3055.6400130093098
YouTube,YO_101854,eroqojtf,Finance,Positive,0.76,2695.8000401705503
Reddit,RE_101856,vpcgcnhu,Sports,Negative,-0.43,3160.1700407266617
YouTube,YO_101857,cngjeofr,Politics,Neutral,0.12,2993.6598669290543
Reddit,RE_101862,lvgrdpvl,Climate,Positive,0.76,9519.0
YouTube,YO_101864,htxnztbl,Climate,Negative,-0.41,2807.3499521911144
Reddit,RE_101865,tupbqywo,Technology,Neutral,-0.08,4814.070062041283
Reddit,RE_101877,ovvrlhkh,Finance,Positive,0.87,1126.3199586868286
Twitter,TW_101879,tyrosljf,Politics,Neutral,0.02,618.8000092208385
YouTube,YO_101882,swxjqyav,Sports,Neutral,-0.0,1221.3600051999092
YouTube,YO_101883,qwdivvut,Sports,Negative,-0.41,1665.3999909758568
YouTube,YO_101884,cgydazbc,Technology,Negative,-0.83,150.9600019454956
YouTube,YO_101885,fyyqmiju,Health,Neutral,0.18,1463.5199672877789
Twitter,TW_101886,dhvvfxsu,Health,Negative,-0.73,12909.0
YouTube,YO_101888,svdtkwsz,Climate,Negative,-0.65,1377.1700144857168
Twitter,TW_101889,txodrywq,Climate,Negative,-0.54,2031.3699097037315
Reddit,RE_101890,zalefvuk,Health,Negative,-0.59,6457.5
Reddit,RE_101894,bzpyesqv,Health,Neutral,0.1,7414.580057024956
YouTube,YO_101895,yjrvqfhx,Climate,Neutral,0.1,6500.279918432236
Reddit,RE_101896,owoowgul,Sports,Neutral,-0.18,2926.5599345862865
YouTube,YO_101899,xckgolzh,Technology,Negative,-0.6,1303.9200518131256
YouTube,YO_101901,ieaiegis,Health,Negative,-0.85,197.33999276161194
Reddit,RE_101903,yphbrvap,Finance,Negative,-0.88,702.3000279068947
Reddit,RE_101904,miyecqlw,Finance,Neutral,0.08,12128.950316905975
Reddit,RE_101907,fqfatxnh,Finance,Neutral,-0.02,1928.2799568995833
Twitter,TW_101908,bdbfwaru,Technology,Neutral,0.05,161.5499963890761
Twitter,TW_101909,ijqgjwqe,Entertainment,Negative,-0.3,5357.039803504944
Reddit,RE_101911,bnioxpwy,Health,Neutral,-0.06,9528.339485645294
Twitter,TW_101912,ojhiqcoo,Technology,Positive,0.4,5765.100229084492
YouTube,YO_101915,ehgerhhy,Climate,Neutral,-0.02,2690.0000400841236
Reddit,RE_101917,mvxdumuc,Health,Positive,0.95,2372.8600101023912
YouTube,YO_101918,ewpspqgd,Entertainment,Neutral,-0.14,3404.160135269165
YouTube,YO_101919,tchftrbt,Technology,Neutral,-0.05,442.60000659525394
Reddit,RE_101920,haslhxxz,Climate,Positive,0.6,7245.000131428242
Twitter,TW_101927,vulzbtyk,Climate,Neutral,-0.01,961.3499820232391
Twitter,TW_101928,sdpssyxf,Sports,Neutral,-0.02,16092.719497561455
Twitter,TW_101932,uefpytxb,Climate,Negative,-0.32,2291.5799340605736
Reddit,RE_101935,dbkifwup,Technology,Negative,-0.94,7511.699765473604
Twitter,TW_101936,aojgomfh,Health,Positive,0.37,12810.69978183508
Twitter,TW_101939,ecnyssyn,Sports,Negative,-0.75,3565.0801416635513
Twitter,TW_101941,yamciysl,Health,Neutral,0.12,8797.5
Twitter,TW_101944,nvnybxzb,Health,Positive,0.36,7.369999835267663
YouTube,YO_101945,gzpzenwy,Sports,Neutral,-0.05,2112.119952790439
Reddit,RE_101946,uxandvlz,Health,Positive,0.56,13071.030325591564
Reddit,RE_101951,yjfpznaf,Technology,Neutral,-0.07,3665.7598855495453
YouTube,YO_101953,rzrpyazt,Health,Positive,0.96,639.3599857091904
Twitter,TW_101955,clworsjg,Climate,Negative,-0.99,7820.679577827454
Twitter,TW_101957,cmrckkkg,Sports,Neutral,0.07,10891.299814522266
Reddit,RE_101958,tkaphxua,Health,Positive,0.41,1818.2000270932913
Reddit,RE_101959,pijsommj,Sports,Positive,0.69,6553.230153679848
Twitter,TW_101964,xexigfoj,Entertainment,Negative,-0.56,6606.0
YouTube,YO_101967,cxbhzfjq,Politics,Neutral,-0.08,16697.760277748108
Reddit,RE_101969,mtagtcab,Entertainment,Negative,-0.9,2739.8798995018005
Reddit,RE_101970,jgejifff,Politics,Positive,0.61,1824.360033094883
Reddit,RE_101972,trntoqqj,Technology,Positive,0.61,1844.049932360649
Twitter,TW_101976,jnyjokyz,Politics,Negative,-0.82,2741.2501089274883
Reddit,RE_101978,pultsfcw,Climate,Negative,-0.51,7539.629973948002
YouTube,YO_101981,mzvqpjac,Politics,Neutral,0.07,1056.6399612426758
Reddit,RE_101982,tkxyduoz,Climate,Negative,-0.72,3705.4000552147627
Reddit,RE_101983,ymzgiguj,Politics,Negative,-0.38,4776.979824781418
Twitter,TW_101984,lyylquah,Health,Negative,-0.5,2994.890031501651
YouTube,YO_101986,hoofbizi,Sports,Positive,0.84,12995.0
Twitter,TW_101989,ailnkdok,Politics,Positive,0.5,10053.350250422955
Reddit,RE_101990,moblmhdq,Health,Positive,0.45,17745.18052339554
Reddit,RE_101992,lkkpcnvd,Sports,Negative,-0.8,8298.479749202728
Twitter,TW_101994,vintyejt,Politics,Negative,-0.87,2602.2499556839466
YouTube,YO_101996,oegpllix,Technology,Negative,-0.6,2003.6899265050888
Twitter,TW_101997,pvriiwow,Politics,Negative,-0.51,6091.190118551254
Twitter,TW_101998,ffcduvbs,Technology,Negative,-0.59,1399.3099924176931
Reddit,RE_102000,ngltxwjd,Climate,Negative,-0.9,5.919999867677689
YouTube,YO_102003,aswfsfcd,Climate,Neutral,0.13,4883.759847521782
Reddit,RE_102004,cqpkixnz,Climate,Positive,0.63,2376.1199468895793
Reddit,RE_102005,buulsozc,Finance,Neutral,0.2,3018.749989569187
Twitter,TW_102009,yvwpenrr,Technology,Negative,-0.32,6487.3197974562645
Twitter,TW_102012,agccprsl,Finance,Neutral,0.12,3971.499989926815
Twitter,TW_102016,kodvjsiq,Health,Positive,0.51,4298.879903912544
Reddit,RE_102020,wazonzmk,Politics,Negative,-0.44,1932.810076802969
YouTube,YO_102022,mxlwdpuv,Finance,Neutral,-0.09,1323.5400220155716
Reddit,RE_102027,wdjpuxyf,Health,Positive,0.63,5639.729695558548
Reddit,RE_102030,otwucpso,Health,Negative,-0.41,6562.650163471699
Reddit,RE_102031,trswzxzr,Health,Negative,-0.88,4026.630109369755
Twitter,TW_102032,pzjlmzjy,Finance,Neutral,0.0,5818.559869945049
Twitter,TW_102035,npffbqbn,Finance,Neutral,-0.11,277.0599938072264
Twitter,TW_102036,kzgynojo,Entertainment,Negative,-0.55,7617.479904413223
YouTube,YO_102037,asueuadb,Entertainment,Neutral,-0.09,2906.379916369915
Twitter,TW_102038,jrscbghw,Politics,Positive,0.54,1172.1099852919579
YouTube,YO_102042,qkfnnggt,Politics,Negative,-0.32,2201.009931281209
Reddit,RE_102043,vdtcnknm,Politics,Neutral,0.19,10192.739872097969
Twitter,TW_102044,ntodkffp,Entertainment,Neutral,0.1,9354.420371711254
Reddit,RE_102045,grlydrvo,Climate,Negative,-0.31,371.68999798595905
YouTube,YO_102049,wvhwvvtx,Climate,Positive,0.56,3843.619979172945
Twitter,TW_102052,gupfqvaj,Politics,Neutral,0.06,57.82000112533569
YouTube,YO_102057,raownzvv,Entertainment,Negative,-0.59,3048.840121150017
YouTube,YO_102062,wfoerbzz,Politics,Negative,-0.53,14531.43992125988
YouTube,YO_102064,gckuxxjr,Politics,Negative,-0.74,2713.8800285458565
Twitter,TW_102066,jhzaiorz,Entertainment,Neutral,0.11,12035.320126593113
Twitter,TW_102067,lvfjwrwd,Entertainment,Neutral,0.16,1021.6799944639206
YouTube,YO_102068,yrkskyll,Climate,Negative,-0.65,358.01998686790466
YouTube,YO_102069,lnxkhnbp,Technology,Positive,0.49,9574.759648799896
Reddit,RE_102071,kqrfafhj,Sports,Negative,-0.93,598.0000108480453
Reddit,RE_102073,ehtkffjd,Entertainment,Negative,-0.44,584.8000087141991
Twitter,TW_102075,turldgku,Politics,Negative,-0.65,783.0599824972451
Twitter,TW_102078,ngztzkyz,Climate,Negative,-0.56,374.6399883031845
Twitter,TW_102080,asjsfors,Health,Neutral,-0.18,73.0
Reddit,RE_102082,ocnfubnm,Politics,Positive,0.5,2931.519934475422
Twitter,TW_102085,alzdmyde,Politics,Neutral,-0.12,1143.080012023449
YouTube,YO_102086,qfbudtmt,Entertainment,Negative,-0.92,5136.040054023266
YouTube,YO_102087,jhwyniyh,Entertainment,Neutral,-0.09,2289.6899160146713
Twitter,TW_102090,kdpezakj,Health,Positive,0.55,2734.1599851846695
Twitter,TW_102093,yhwpbulh,Politics,Positive,0.92,3252.2401292324066
YouTube,YO_102096,wmjiuayr,Finance,Neutral,-0.08,264.0399940982461
YouTube,YO_102097,nkttrxav,Entertainment,Positive,0.78,7642.1999806165695
Twitter,TW_102098,eexibqqg,Technology,Negative,-0.34,2720.3999391943216
Twitter,TW_102099,afwhovod,Politics,Neutral,-0.03,1632.9600648880005
Reddit,RE_102100,uihatgiq,Technology,Negative,-0.77,129.7000019326806
YouTube,YO_102106,nnjdzbwy,Climate,Positive,0.35,1238.379993289709
Reddit,RE_102107,lphymxcc,Politics,Positive,0.7,13928.490378320217
Twitter,TW_102110,nwbqynam,Politics,Positive,0.94,4436.119837284088
Twitter,TW_102112,xkbfdvzu,Health,Neutral,0.06,14090.65957415104
Reddit,RE_102114,vkrymzem,Politics,Negative,-0.59,882.1199802830815
Twitter,TW_102115,cuztssvd,Health,Neutral,-0.18,2953.860085129738
Reddit,RE_102117,pdxfqcay,Finance,Neutral,0.08,9838.920283555984
Reddit,RE_102118,uvzkqldj,Sports,Neutral,0.11,9585.119785755873
YouTube,YO_102119,izipcnlm,Politics,Negative,-0.96,3444.6601368784904
Reddit,RE_102121,elrkglwl,Technology,Positive,0.68,1138.8599745444953
Twitter,TW_102123,aqfknwhp,Politics,Positive,0.84,1650.8700173646212
YouTube,YO_102124,bbtxcmmk,Politics,Neutral,-0.02,17943.659954488277
Reddit,RE_102126,nhvrxcwn,Entertainment,Neutral,0.1,8309.40033018589
Twitter,TW_102127,adkkhikp,Sports,Positive,0.95,9934.26019334793
Reddit,RE_102128,avtgynpd,Sports,Positive,0.5,946.7999788373709
Reddit,RE_102130,edljmxzj,Finance,Positive,0.74,9271.480071306229
YouTube,YO_102131,jpjdsfaq,Climate,Negative,-0.41,4568.0300828665495
Reddit,RE_102132,xmleufun,Politics,Negative,-0.49,2438.4800256490707
Twitter,TW_102133,spljljcw,Sports,Positive,0.9,2788.3200359344482
YouTube,YO_102139,sedtqbzt,Finance,Negative,-0.31,8096.159819036722
Reddit,RE_102140,fpwxqdxj,Technology,Positive,0.98,2809.4399372041225
Twitter,TW_102141,ncyuyztw,Entertainment,Neutral,0.15,6380.959919929504
Twitter,TW_102144,ayvkwoho,Climate,Negative,-0.82,3917.760016679764
Reddit,RE_102145,eymyskzh,Politics,Positive,0.94,6454.890018999577
Twitter,TW_102147,sqdcjfgo,Technology,Positive,0.44,1687.919962272048
Reddit,RE_102148,slquzrzs,Technology,Positive,0.6,8786.399725675583
Twitter,TW_102152,wckfgxfj,Climate,Positive,0.49,1608.8799409866333
Twitter,TW_102158,gqqonnrf,Sports,Negative,-0.38,8518.079893112183
YouTube,YO_102159,gzlvefwp,Climate,Neutral,-0.02,7400.700294077396
Twitter,TW_102162,kwqkcvud,Health,Negative,-0.81,17477.49013441801
YouTube,YO_102164,eshylfca,Finance,Positive,0.72,252.18001002073288
Reddit,RE_102166,kxvzlxbx,Technology,Positive,0.59,2633.399985730648
YouTube,YO_102169,cplssaux,Technology,Neutral,-0.05,5477.920023322105
Reddit,RE_102170,ytmobprd,Finance,Positive,0.94,6833.819631099701
YouTube,YO_102171,seomiuxi,Technology,Positive,0.37,2448.0000364780426
Twitter,TW_102175,dqlqavtl,Health,Positive,0.77,15618.959512352943
YouTube,YO_102177,kkveicss,Technology,Neutral,0.15,8468.670164823532
Reddit,RE_102178,zerulagd,Technology,Positive,0.96,350.87999215722084
Reddit,RE_102180,qvrdefii,Sports,Neutral,-0.2,1400.7600556612015
YouTube,YO_102184,mzeenlag,Health,Neutral,0.02,104.200001552701
YouTube,YO_102185,ypsybirv,Finance,Neutral,-0.01,8120.980135083199
YouTube,YO_102187,ayqsgqij,Politics,Negative,-0.49,10960.260060071945
YouTube,YO_102189,eroiutlf,Politics,Positive,0.79,10232.459922552109
Twitter,TW_102190,yjuidroh,Health,Neutral,0.07,8838.400131702423
YouTube,YO_102191,kwkvsicg,Entertainment,Positive,0.55,6650.400186538696
YouTube,YO_102193,qzqiphqh,Finance,Negative,-0.97,6849.140052676201
Twitter,TW_102195,wbmdjeyg,Climate,Neutral,0.07,3422.2800929546356
YouTube,YO_102197,ubafeuzh,Sports,Negative,-0.9,1265.4600053876638
Reddit,RE_102198,zahccrkp,Finance,Positive,0.91,1270.559971600771
YouTube,YO_102199,tolbdysn,Finance,Neutral,-0.19,1365.5099952816963
